model,seed,IC,ICIR,Rank IC,Rank ICIR,ann_excess_w_cost,ir_w_cost,mdd_w_cost,ann_excess_wo_cost,ir_wo_cost,2017_IC,2017_Rank IC,2017_ann_excess_w_cost,2017_ann_excess_wo_cost,2017_n_days,2018_IC,2018_Rank IC,2018_ann_excess_w_cost,2018_ann_excess_wo_cost,2018_n_days,2019_IC,2019_Rank IC,2019_ann_excess_w_cost,2019_ann_excess_wo_cost,2019_n_days,2020_IC,2020_Rank IC,2020_ann_excess_w_cost,2020_ann_excess_wo_cost,2020_n_days,fit_sec,total_sec
lstm_fb,0,0.027298,0.289120,0.031400,0.362071,0.014322,0.193724,-0.110276,0.059517,0.804732,0.041506,0.041134,-0.046088,-0.003296,244,0.032956,0.032539,0.026766,0.072169,243,0.020976,0.031267,0.032910,0.078977,244,0.003596,0.012689,0.065617,0.113116,140,2319.300000,2375.400000
lstm_fb,1,0.024168,0.244525,0.029976,0.336859,-0.007093,-0.105781,-0.146155,0.039569,0.589806,0.037565,0.044466,-0.000538,0.046050,244,0.033723,0.035911,0.028970,0.075364,243,0.017640,0.020777,0.016104,0.062950,244,-0.004529,0.010259,-0.121541,-0.074608,140,2422.500000,2478.500000
lstm_fb,2,0.026336,0.286938,0.029321,0.346338,-0.030562,-0.450613,-0.189896,0.014765,0.217593,0.042874,0.043778,-0.085465,-0.041865,244,0.031563,0.032156,0.032800,0.077744,243,0.019004,0.023615,-0.083375,-0.036892,244,0.001062,0.009025,0.047194,0.094182,140,2428.900000,2487.300000
lstm_fb,3,0.019526,0.217638,0.024594,0.294541,-0.013882,-0.218257,-0.158458,0.029941,0.470610,0.030473,0.034060,-0.035147,0.009863,244,0.025491,0.027736,0.019071,0.057318,243,0.007328,0.015929,-0.045452,0.000568,244,0.011088,0.017559,0.021005,0.068607,140,2426.600000,2482.900000
lstm_fb,4,0.024489,0.264347,0.030515,0.362857,0.011969,0.163618,-0.125813,0.057992,0.792492,0.038157,0.039018,-0.052814,-0.006625,244,0.030132,0.033832,0.040034,0.085640,243,0.013476,0.025767,-0.013673,0.032758,244,0.009827,0.018114,0.120856,0.166600,140,2425.900000,2480.600000
lstm_fb,5,0.027094,0.295107,0.030192,0.346207,0.008359,0.120849,-0.111013,0.054437,0.786873,0.044199,0.042128,-0.045682,0.000164,244,0.030327,0.034245,0.016674,0.061615,243,0.017647,0.024343,0.045192,0.091988,244,0.007931,0.012422,0.023921,0.071121,140,2405.200000,2462.800000
lstm_fb,6,0.026451,0.278263,0.029950,0.344668,0.035504,0.518077,-0.113238,0.081763,1.192494,0.050227,0.045480,0.059328,0.106441,244,0.028505,0.028637,-0.005779,0.039698,243,0.016295,0.027599,0.001413,0.047512,244,-0.001070,0.009213,0.125051,0.171460,140,2426.100000,2481.100000
lstm_fb,7,0.026259,0.279006,0.028122,0.330518,0.007786,0.103936,-0.096720,0.053931,0.719730,0.039744,0.039580,-0.052336,-0.005636,244,0.029151,0.026710,0.013620,0.058408,243,0.017975,0.025125,0.038296,0.084748,244,0.011996,0.015767,0.049267,0.096269,140,2455.500000,2517.000000
lstm_fb,8,0.020311,0.209112,0.027299,0.302391,0.026992,0.383608,-0.109533,0.073627,1.046215,0.037336,0.043016,-0.009295,0.037606,244,0.020789,0.021365,0.003727,0.049652,243,0.012462,0.025495,0.054621,0.101204,244,0.003322,0.013315,0.082463,0.129959,140,2431.200000,2490.100000
lstm_fb,9,0.022090,0.240250,0.025708,0.304069,-0.042392,-0.606561,-0.194765,0.002688,0.038453,0.037408,0.037567,-0.068407,-0.023962,244,0.023176,0.025597,-0.053563,-0.009970,243,0.015829,0.022650,-0.035601,0.010654,244,0.004285,0.010494,0.010504,0.057221,140,2428.700000,2487.800000
lstm_fb,10,0.026680,0.287152,0.029902,0.351371,0.019719,0.272541,-0.127473,0.065120,0.900013,0.041435,0.040288,-0.011274,0.032874,244,0.028314,0.030017,0.037694,0.082264,243,0.020040,0.027258,-0.014601,0.031458,244,0.009559,0.016153,0.102354,0.150230,140,2533.900000,2595.200000
lstm_fb,11,0.023773,0.257345,0.028148,0.329896,-0.020369,-0.317828,-0.126703,0.022899,0.357054,0.037932,0.046535,-0.048924,-0.008971,244,0.031449,0.028793,-0.012646,0.028709,243,0.012372,0.017661,-0.034867,0.011440,244,0.005399,0.013035,0.041262,0.088330,140,2536.600000,2600.000000
lstm_fb,12,0.023113,0.250601,0.026636,0.306478,0.003517,0.047305,-0.176675,0.048137,0.647351,0.036569,0.040178,-0.073205,-0.030734,244,0.032982,0.033592,-0.026380,0.017191,243,0.007607,0.015913,0.026856,0.072881,244,0.009224,0.009422,0.148446,0.196183,140,2549.400000,2611.200000
lstm_fb,13,0.024286,0.256663,0.028358,0.321973,0.010152,0.140977,-0.166205,0.055417,0.769184,0.033874,0.037017,0.014841,0.061272,244,0.028934,0.033257,0.005661,0.047305,243,0.015548,0.020377,-0.022802,0.023572,244,0.014549,0.018500,0.067206,0.114792,140,2559.700000,2622.300000
lstm_fb,14,0.024067,0.259589,0.028154,0.334332,0.032045,0.517196,-0.105405,0.078261,1.262278,0.038584,0.040611,-0.004269,0.040322,244,0.028289,0.026532,0.002713,0.049304,243,0.014397,0.026056,0.095158,0.142158,244,0.008083,0.012871,0.036253,0.083284,140,2545.700000,2607.800000
lstm_fb,15,0.025132,0.258940,0.031037,0.346608,0.047380,0.587564,-0.120295,0.090331,1.119813,0.045202,0.048551,0.029720,0.069402,244,0.022438,0.027216,0.038809,0.080137,243,0.018818,0.027260,-0.016526,0.029694,244,0.005696,0.013647,0.204414,0.250187,140,2551.700000,2612.900000
lstm_fb,16,0.028580,0.311443,0.033142,0.386550,0.037393,0.516626,-0.113188,0.084037,1.160611,0.037286,0.042113,-0.002525,0.044213,244,0.035157,0.033891,-0.022822,0.023011,243,0.018851,0.028315,0.052098,0.098671,244,0.018742,0.024516,0.185853,0.233863,140,2675.400000,2741.600000
lstm_fb,17,0.023809,0.250087,0.031703,0.354614,0.005559,0.085432,-0.141111,0.051875,0.796907,0.039231,0.047070,0.036230,0.083366,244,0.029534,0.032037,-0.022415,0.022856,243,0.008315,0.021059,-0.058707,-0.012235,244,0.013667,0.022666,0.112666,0.159092,140,2720.800000,2784.900000
lstm_fb,18,0.023936,0.262423,0.029589,0.343213,0.037977,0.550697,-0.115697,0.082639,1.198067,0.036078,0.040310,-0.030589,0.012074,244,0.026210,0.032329,0.052673,0.096812,243,0.022139,0.028707,0.060132,0.106220,244,0.001919,0.007665,0.093356,0.139928,140,2731.400000,2801.100000
lstm_fb,19,0.027548,0.297507,0.028698,0.336798,0.004703,0.062653,-0.117812,0.048663,0.648091,0.045705,0.042569,-0.014798,0.025372,244,0.032963,0.030983,0.025829,0.068674,243,0.014596,0.021525,-0.007092,0.039656,244,0.008797,0.012901,0.022580,0.070218,140,2621.900000,2679.400000
alstm_fb,0,0.026365,0.297159,0.030844,0.362997,0.030463,0.400533,-0.124785,0.075819,0.996384,0.038922,0.045567,0.021133,0.066890,244,0.022244,0.024214,0.001265,0.044658,243,0.023013,0.026966,0.025371,0.071984,244,0.017403,0.023364,0.106275,0.152153,140,1911.600000,1982.600000
alstm_fb,1,0.028424,0.310545,0.032808,0.390493,0.022552,0.310831,-0.139000,0.067273,0.926629,0.044856,0.048449,-0.031998,0.013196,244,0.030930,0.031991,-0.031505,0.010064,243,0.021389,0.028141,0.072969,0.119303,244,0.007544,0.014998,0.123582,0.170139,140,1910.600000,1972.000000
alstm_fb,2,0.025354,0.279087,0.029213,0.341977,-0.006043,-0.090537,-0.130848,0.039439,0.590709,0.043845,0.039686,-0.012987,0.030622,244,0.022807,0.027548,-0.034636,0.011183,243,0.014653,0.023626,-0.006355,0.040184,244,0.015972,0.023465,0.056232,0.102552,140,1901.800000,1959.100000
alstm_fb,3,0.024668,0.283565,0.027032,0.329461,0.000684,0.009530,-0.186102,0.045180,0.629448,0.037828,0.034718,-0.033965,0.010763,244,0.022681,0.025731,-0.057323,-0.016232,243,0.018001,0.023854,0.012051,0.058112,244,0.016658,0.021366,0.141944,0.189218,140,1907.300000,1966.800000
alstm_fb,4,0.026842,0.290411,0.030509,0.349492,0.033697,0.478629,-0.132575,0.080099,1.137381,0.046281,0.043837,-0.008375,0.037466,244,0.026561,0.029937,-0.037396,0.008432,243,0.019044,0.025104,0.076680,0.123831,244,0.006871,0.017576,0.155507,0.202575,140,1887.500000,1949.600000
alstm_fb,5,0.023487,0.263331,0.027459,0.316536,-0.006072,-0.088763,-0.111354,0.038726,0.565896,0.037932,0.039762,-0.028636,0.013026,244,0.024300,0.028479,0.005997,0.051071,243,0.013588,0.019749,-0.036931,0.009537,244,0.013943,0.017519,0.066091,0.112960,140,1890.000000,1947.300000
alstm_fb,6,0.030419,0.321843,0.035826,0.394097,0.053306,0.757766,-0.092480,0.098914,1.405305,0.050550,0.053135,0.026869,0.071338,244,0.035385,0.038769,0.052768,0.098851,243,0.019399,0.026471,0.045032,0.091056,244,0.005684,0.016653,0.114739,0.160779,140,1919.900000,1980.400000
alstm_fb,7,0.025738,0.285990,0.029460,0.353129,0.006748,0.091546,-0.098983,0.052165,0.707608,0.043665,0.044287,-0.023449,0.020312,244,0.029985,0.030049,0.038214,0.083770,243,0.016318,0.022311,0.003870,0.049703,244,0.003339,0.014905,0.009775,0.057112,140,1932.900000,1990.700000
alstm_fb,8,0.026081,0.293055,0.027094,0.317864,0.039660,0.526807,-0.126226,0.085660,1.137398,0.040972,0.037814,0.018335,0.064210,244,0.025079,0.028350,0.024203,0.069491,243,0.020967,0.020826,0.061240,0.107767,244,0.010667,0.017021,0.066047,0.112580,140,1866.000000,1925.000000
alstm_fb,9,0.028165,0.308559,0.029150,0.332510,0.038278,0.574325,-0.121151,0.084221,1.263065,0.051705,0.049445,0.053367,0.098178,244,0.025684,0.024504,-0.016902,0.028894,243,0.017987,0.020781,0.058520,0.104920,244,0.008966,0.016249,0.072474,0.119850,140,1958.700000,2022.800000
alstm_fb,10,0.028940,0.328312,0.032683,0.382673,0.016902,0.259118,-0.099152,0.060208,0.922922,0.050632,0.047124,0.046972,0.087053,244,0.024918,0.029437,0.021952,0.063062,243,0.022583,0.029513,-0.036496,0.009742,244,0.009061,0.018608,0.048794,0.096424,140,1998.100000,2059.800000
alstm_fb,11,0.028277,0.315640,0.029484,0.351099,0.016504,0.224454,-0.142503,0.062064,0.843760,0.048170,0.045098,0.035623,0.081143,244,0.025321,0.025258,-0.013616,0.030119,243,0.024591,0.027694,-0.013564,0.032976,244,0.005083,0.012689,0.087868,0.134957,140,2007.200000,2069.100000
alstm_fb,12,0.025070,0.279910,0.028977,0.330975,0.007975,0.106639,-0.108245,0.054022,0.722058,0.038989,0.043598,-0.009774,0.035833,244,0.029767,0.030769,0.050803,0.096792,243,0.015535,0.022718,-0.034340,0.011936,244,0.009072,0.011158,0.038321,0.084836,140,2014.500000,2077.800000
alstm_fb,13,0.025914,0.287947,0.027287,0.321656,0.002819,0.039351,-0.144337,0.048186,0.672406,0.049693,0.047773,0.076682,0.121180,244,0.025506,0.025184,-0.022340,0.022172,243,0.014675,0.019918,-0.031584,0.014390,244,0.004526,0.007919,-0.022286,0.025023,140,2022.400000,2085.000000
alstm_fb,14,0.024103,0.259978,0.024660,0.284283,0.034832,0.468337,-0.086907,0.080090,1.076859,0.042285,0.035825,-0.026690,0.017736,244,0.024790,0.027773,0.075654,0.120433,243,0.012964,0.017614,0.070912,0.116846,244,0.010395,0.011926,0.008318,0.054679,140,2012.100000,2075.700000
alstm_fb,15,0.024812,0.265729,0.027572,0.316711,0.015067,0.231848,-0.127988,0.061358,0.943869,0.049531,0.043743,0.100198,0.147094,244,0.026298,0.029834,-0.000898,0.044143,243,0.011591,0.016329,-0.039302,0.007137,244,0.001908,0.014814,-0.010833,0.036313,140,2082.200000,2153.900000
alstm_fb,16,0.028480,0.299113,0.028108,0.318517,0.053899,0.698187,-0.144241,0.097503,1.262581,0.045753,0.037237,0.013791,0.055151,244,0.034114,0.035055,-0.044892,-0.003539,243,0.016497,0.021102,0.121481,0.167438,244,0.009223,0.012201,0.177492,0.224806,140,2140.800000,2208.500000
alstm_fb,17,0.027929,0.302829,0.032352,0.385231,0.018246,0.228856,-0.103816,0.064635,0.810461,0.045451,0.043172,0.026160,0.071755,244,0.029358,0.033800,0.007814,0.054842,243,0.018963,0.026855,-0.004091,0.042219,244,0.010341,0.020441,0.061491,0.108290,140,2156.400000,2224.800000
alstm_fb,18,0.025392,0.296034,0.028580,0.355944,0.022499,0.327123,-0.144243,0.067569,0.981938,0.036961,0.037886,-0.071819,-0.026474,244,0.024681,0.026835,0.012155,0.054003,243,0.021652,0.027641,0.054189,0.101164,244,0.012905,0.017003,0.149603,0.196469,140,2187.300000,2256.900000
alstm_fb,19,0.024867,0.276393,0.025836,0.312872,0.017544,0.248079,-0.107925,0.061947,0.875857,0.040135,0.034743,-0.035529,0.008837,244,0.027155,0.027118,0.045800,0.087003,243,0.016358,0.022772,0.005526,0.051722,244,0.008933,0.013363,0.081943,0.128840,140,2031.700000,2090.000000
