model,arm,seed,e_star,fold_best,IC,ICIR,Rank IC,Rank ICIR,ann_excess_w_cost,ir_w_cost,mdd_w_cost,IC_2017,Rank IC_2017,ann_excess_w_cost_2017,IC_2018,Rank IC_2018,ann_excess_w_cost_2018,IC_2019,Rank IC_2019,ann_excess_w_cost_2019,IC_2020,Rank IC_2020,ann_excess_w_cost_2020
lstm,cv,0,2,1/4/4/3/1,0.03808592149308444,0.2826612096873098,0.050150072554783744,0.3938217684610066,0.033245683724510165,0.4795600449420611,-0.11286491910483375,0.060401535215864034,0.06842222140112288,0.06937339885261108,0.04456300133065057,0.05066386864156942,0.09925755944408367,0.019016424928775522,0.03691626157518968,-0.05169754434865597,0.02077741094388204,0.04019358454397304,0.0037463934297926878
lstm,cv,1,2,1/3/2/3/1,0.04069178640317799,0.32229279636568536,0.050396278542417114,0.4155970793842781,0.00928140149243264,0.13509727586933068,-0.13653171003518078,0.06113176378975045,0.06894545455638688,0.08524891268626422,0.04723589552726435,0.050308612574802763,0.00869687684824791,0.02122902429700919,0.03504154999652365,-0.03692263406641655,0.027212876889678102,0.04465194613014564,-0.04157751683898749
lstm,cv,2,1,1/2/3/3/3,0.02838752349379474,0.21435064173154386,0.0442943189262037,0.34830604879459415,-0.019979062858840567,-0.3274750440626295,-0.17826710053601674,0.04453891481399121,0.0585404372443206,-0.008885256501852403,0.038268830152179314,0.04629441011304223,0.05706076127810336,0.010715209850152146,0.031132291572762594,-0.06048787146181323,0.01350845626524097,0.03865127295589677,-0.10243203941067741
lstm,cv,3,2,1/2/3/2/1,0.03808934441385743,0.28605600746409043,0.049995978085333966,0.3865991188276079,0.03538199330782125,0.5081839998411571,-0.15466332892246032,0.05728708437255544,0.06948771693700909,0.1420397999700373,0.0467246875936417,0.05189442669785263,0.06330094260677652,0.018931966188667285,0.03477531691156469,-0.03020362574412268,0.02261999591143554,0.03893077844410273,-0.0846602813818396
lstm,cv,4,1,1/3/3/4/2,0.026721394825607755,0.2000474372483654,0.038757475751205174,0.2977558935278188,0.00084474795138103,0.0136024576924713,-0.21888720326707678,0.045622852430468666,0.05565356623162693,0.04539456694823202,0.029244015403135745,0.03372006269367406,0.03929938994827611,0.010176586604720123,0.027474945737574353,-0.04501319901217244,0.017881011434954564,0.03747558310150646,-0.06362164334411965
lstm,cv,5,2,1/3/2/2/1,0.03124534523942295,0.24024973416002945,0.042586386679157734,0.34478112601665295,-0.012237219798987457,-0.1793957649441152,-0.19187115944307256,0.049152108196828,0.06098832701430356,0.03241348480219898,0.03727182691649827,0.04047353307346485,-0.0054810823450817964,0.017787453729874517,0.033742298101543555,-0.06702990468717432,0.012742964129887504,0.029406210476392084,-0.006287921308065798
lstm,cv,6,2,1/3/4/3/1,0.03598920362131623,0.2767162115584797,0.04753196929679922,0.3741603486745904,0.05424408942470581,0.8213433177370089,-0.10068239064696106,0.052820957545000824,0.06475861767328718,0.09655015517585132,0.04053107581408685,0.046434280289137424,0.0365497957505253,0.02054647045222465,0.03427106097476625,-0.0020561365050978907,0.025354030717950317,0.04224136308686134,0.10934614975626629
lstm,cv,7,1,1/2/2/3/1,0.029937800815674456,0.23169362699946228,0.04076228013402488,0.32093418424964704,0.03691041755311306,0.5337195214294956,-0.09952578743324773,0.04332586168923475,0.05252053424666845,0.06273574063726974,0.03633437412970289,0.040978878479502955,0.0771985129077568,0.016937370806715934,0.02978395731474498,-0.03489685664291336,0.017881011270684356,0.038791768691240985,0.047121766839668774
lstm,cv,8,1,1/3/5/3/1,0.02879919827425897,0.2154641713038033,0.04405507050750306,0.3404551323253514,0.037305612964689955,0.5414728561790757,-0.11162882973032075,0.04831982528205014,0.06393844252572259,0.08683442780343695,0.0360346823932333,0.0451029976316182,0.07843297697520857,0.011760130109947746,0.028726124103544977,-0.05330747566984871,0.011550339679881791,0.033969977791419824,0.037524279761955284
lstm,cv,9,1,1/2/2/3/1,0.034441650281772845,0.2704055211305098,0.0460792016287347,0.3729124881864163,0.014725260293599954,0.22497721630421713,-0.18285920709299416,0.0532055018091014,0.06596430775796543,0.06917358898930798,0.038233767552000066,0.043004036821719056,0.013018812288682366,0.015664174946041,0.029538006763621623,-0.0790937721131936,0.02748098804304423,0.04523439530776871,0.08630467865574161
lstm,cvctrl,0,2,1/4/4/3/1,0.03348896481086122,0.2559470764597234,0.04266847269515478,0.33588769512048333,0.014874450183878594,0.23124089003602513,-0.1338749972323272,0.05322800721085676,0.05919300321112856,0.054523142373257706,0.03830751296016352,0.04089891666514787,0.09369057587403687,0.017315323648938487,0.032789553467462706,-0.0640984580469136,0.018564778911889884,0.033945874147068136,-0.05339133430614765
lstm,cvctrl,1,2,1/3/2/3/1,0.03317290193989526,0.24368142496967934,0.04206586517865832,0.3307106693971719,0.018113593476800246,0.2397348527293764,-0.12824587981587943,0.04779717234852291,0.052945151665792826,0.03962753938317745,0.04427166530008162,0.05024820982597891,0.058870498187932725,0.018874954419088954,0.029904162972456176,-0.041600527481819964,0.01303350105620871,0.02983811217533683,0.0139486996763867
lstm,cvctrl,2,1,1/2/3/3/3,0.02990450072244743,0.21331844588331994,0.044113890513337445,0.3306713661665553,0.05521170655229295,0.7740771371286294,-0.10762646427145142,0.04407643933784372,0.05971948460477294,0.08730780975366102,0.0412369409095599,0.04625477887570721,0.11622937499954959,0.014040782413238919,0.030936896235206863,-0.029881050041313296,0.012843215900263319,0.03588285330378999,0.04166806365959831
lstm,cvctrl,3,2,1/2/3/2/1,0.03564751662856973,0.2722690323391893,0.04581285548585685,0.36739928922085574,0.005134711228780115,0.07260292351292089,-0.14810260167957603,0.05482034031920038,0.06239879562544951,0.05272211847217367,0.04405854408565351,0.05128939622851863,0.05888847811286827,0.018780071007206217,0.032109112114467,-0.0736833519916679,0.01666898621545088,0.030990236614267738,-0.033735898017163625
lstm,cvctrl,4,1,1/3/3/4/2,0.022632461889459853,0.15924938508245243,0.03886700500584031,0.29933991417583417,0.0013651378074423768,0.02110197570276884,-0.14300138816111044,0.04374181353924705,0.0573937845877341,0.022986234828000895,0.03305755712178874,0.04048557223531205,0.11173972077108119,0.0047122011574981795,0.027272133030509165,-0.0551105230851975,-0.0014046603076917719,0.02372784851520525,-0.12946707701667468
lstm,cvctrl,5,2,1/3/2/2/1,0.03444580690353361,0.2611365737843533,0.04533422048933214,0.35983767471196204,0.018249322803746422,0.2818669696921157,-0.14218305028901576,0.054568534143873006,0.06536873424062577,0.07107970468919392,0.042472754287472964,0.04641275802531072,0.05599470788372913,0.01761894374512502,0.03095467079031323,-0.04467271462334676,0.014408523762365042,0.03329825978151147,-0.029677567355355386
lstm,cvctrl,6,2,1/3/4/3/1,0.033556921842935954,0.2599734495459163,0.044732796427667004,0.35761960153868244,-0.028896893694922484,-0.45769212261974823,-0.17944921250679974,0.05326419583029448,0.06324149155423571,-0.014524157366964552,0.043457800315459705,0.04833836026274354,0.059135950303670526,0.0160039107320236,0.03249458985312524,-0.07020313168504634,0.012241117242872558,0.027283754725225588,-0.13475551288127688
lstm,cvctrl,7,1,1/2/2/3/1,0.024127764000338635,0.18608245516251704,0.03384061717431771,0.2802979008250865,0.0009305137044759364,0.01363382067536361,-0.1324588103005975,0.04199095297750009,0.046937139294697214,-0.0468657964466922,0.03389012793927634,0.03776120009319969,0.11757430219711199,0.007704557185704632,0.021845390453916452,-0.06380749486744586,0.004321480391321038,0.024859164266859024,-0.005398535118928565
lstm,cvctrl,8,1,1/3/5/3/1,0.03086111769558551,0.21446417682765032,0.0445219688666198,0.32897004389509654,0.02867338114832644,0.4072332189572096,-0.08925750430000057,0.04850154755987205,0.060816170181686315,0.05322286450472525,0.04155365758987362,0.04837007404799857,0.06444446292821866,0.013243275387249316,0.03003246201948918,0.0120426564833451,0.011885031374950485,0.03438694365381416,-0.04721626166038553
lstm,cvctrl,9,1,1/2/2/3/1,0.029494062277621493,0.21438530249110632,0.04472663329327107,0.3430231500289773,-0.010142737636789242,-0.16795612648453476,-0.1920491467290646,0.04988949120319163,0.06090189219990841,0.018180530530170123,0.04304031983539249,0.05128060450588602,0.10318703040911201,0.009282866667851669,0.029417723422481713,-0.09816113471339506,0.005227440117457642,0.03151284115738032,-0.10281075321679126
alstm,cv,0,2,1/3/2/4/1,0.04737051067804558,0.3615648806546246,0.05900859952449285,0.4603603582038958,0.0714046319393027,1.14641372415741,-0.10298590756008613,0.07522223547941274,0.08528935918215094,0.17265500337030992,0.04918870859310116,0.05285569253925408,0.016707357035284403,0.027364320988537333,0.04193857826050534,0.033682107242491634,0.030112287608612703,0.05326950070710308,0.05562351192882124
alstm,cv,1,2,1/2/3/3/2,0.040558375779355296,0.3373506215674159,0.04406163900218647,0.3780147859860571,0.024857636643605054,0.3604820034016857,-0.09432661630141029,0.06446289784811367,0.06644309617349052,0.007276437308724527,0.04461602628251361,0.04266925747155046,0.015353961261692858,0.022248762852070555,0.029586578079876344,-0.02761479879289743,0.023371977625291793,0.03238851646235153,0.16344677951519165
alstm,cv,2,3,2/3/3/2/2,0.04850835771156229,0.36157749980111065,0.06067317161522113,0.476712913919282,0.09185109216378823,1.2959829628594521,-0.09456935297264826,0.07139757671034044,0.08153929541137364,0.1279373701646177,0.05840025682762325,0.06303258823601127,0.1184257163919902,0.02696107775682491,0.04543150909145565,0.03693531136245019,0.028538311627183895,0.046448658923180106,0.07854227070572388
alstm,cv,3,3,1/2/4/2/1,0.04968736659505582,0.3718069817085908,0.058011214216574715,0.4441764197948056,0.08401940751105827,1.2562015946628409,-0.06358291299374597,0.07065528825346032,0.07468981627047705,0.15195608934027058,0.05825350838678376,0.061886346834848935,0.09047758567182125,0.03427789700166286,0.04564940008697702,0.029658913761352403,0.024801201109106653,0.043496650486862146,0.049148499050594104
alstm,cv,4,3,1/3/3/4/1,0.050112251710250806,0.3710693789364125,0.057948134342952436,0.44776528498927926,0.062111194682482634,0.9209489915490554,-0.11541364969553476,0.07098290958407354,0.07509056844578404,0.15168783384420004,0.05971775940860991,0.06320982451031791,0.02054689634246082,0.03129521930538344,0.041041024647685616,0.01875054783704443,0.02945743683638667,0.04804291152008516,0.053707068764291085
alstm,cv,5,2,1/4/4/4/1,0.04551435437235879,0.33857600539930016,0.05479743078864707,0.4044569359950374,0.08847533128876976,1.1266396350374959,-0.09182029790534042,0.06681385509095926,0.07611342418106552,0.1037655073664749,0.047879269550515635,0.05186880584978901,0.04906973751902459,0.030149314979220004,0.04064571629529401,0.05937008326717372,0.03073736815890033,0.04709112125500776,0.18094988014846586
alstm,cv,6,2,1/4/2/4/2,0.04656659925758333,0.3727499381540425,0.04651984234642599,0.3783107124656462,0.0502333426315565,0.674450837217479,-0.08294128254752911,0.07040623192996695,0.06669652214084948,0.08346422901755272,0.05420000493021421,0.0515264242457225,0.03480424595830256,0.024589241565654115,0.026685815568527185,-0.024497519862960827,0.029600565352183566,0.036807636504320514,0.14934237593212685
alstm,cv,7,2,1/3/3/3/1,0.03756294726842376,0.2812106073190445,0.05035227977973673,0.38841879119715456,0.07491748490191576,1.0316355014927558,-0.08368314392930767,0.05819474161614603,0.07137767901447732,0.050663868734239684,0.043991313574758655,0.0468638979419659,0.1282482891249886,0.01888596084140878,0.034941982843539235,0.0007181354694935016,0.022597967951473747,0.04629057217205963,0.15393990047489645
alstm,cv,8,2,1/4/4/4/1,0.04532656232760881,0.33496185741894013,0.05478212025946044,0.4257210740817372,0.08499358475901553,1.2899222258493903,-0.09732371244086263,0.06902827273435146,0.07914089504268762,0.12788749071203911,0.050454623492028595,0.05289254677918138,0.11598231985369276,0.027295934059941674,0.03975945136028472,0.009769856287108015,0.026155456686955753,0.041468466783044194,0.08755225666330911
alstm,cv,9,3,1/3/4/3/2,0.04704257165903838,0.3729878378579573,0.05475994976482006,0.4522631403557965,0.024838571308636592,0.3892956441401759,-0.10861063137720195,0.07245554370395603,0.07436718776576393,0.08038034989506626,0.05005910796084885,0.05300198397530338,0.035660149856836784,0.02960985022378711,0.04175644484271087,-0.052398009831044826,0.0275247314132934,0.04602326619946688,0.043866344421356465
alstm,cvctrl,0,2,1/3/2/4/1,0.04245707593647537,0.3168610075607188,0.05401326132088061,0.417406369537538,0.05233726810638383,0.7442416633280055,-0.12118960591531418,0.06434877325190899,0.07358850197063567,0.08869850431395533,0.050357346450049925,0.05502414155529666,0.05224365804552743,0.024653101487712825,0.03858096279328837,0.029839904258421885,0.02123863281067078,0.04470741367549766,0.02833699945669365
alstm,cvctrl,1,2,1/2/3/3/2,0.04616174887725988,0.3608760854224491,0.053065078131951694,0.4294075526677376,0.07506152799550744,1.1166717947867428,-0.0967013628182099,0.07301034951799197,0.0755435109912137,0.1573576927449582,0.05137883938376974,0.05284964714856988,0.06284882408044314,0.02859047664893925,0.039725160313434,0.0395217606175949,0.020560785003008102,0.037226023171698916,0.014769571514831102
alstm,cvctrl,2,3,2/3/3/2/2,0.04524602813437309,0.3473580167960342,0.05378736566988344,0.43076596640368037,0.095915520964847,1.3984665909931646,-0.08580222659120135,0.06906841875698438,0.07581920832496146,0.17556861292268755,0.05095898945563654,0.05361522288509783,0.10873600069976153,0.027771866513713283,0.03849057197659911,0.03802601992167681,0.02389145697433623,0.04202013973377911,0.03573200125939126
alstm,cvctrl,3,3,1/2/4/2/1,0.05312809937182351,0.43191673379991974,0.0592993932208119,0.48739276030597745,0.14271655258935065,2.2198115006748362,-0.0849165456676485,0.07917778469283139,0.08320844634377933,0.21140820490951284,0.06066224956758321,0.05940125338477532,0.14449259478425633,0.029121751896351827,0.038087300510555644,0.05323759848279169,0.03597529955534605,0.053967631515987574,0.1758631481787702
alstm,cvctrl,4,3,1/3/3/4/1,0.04396695045687088,0.32151198792596625,0.04956046476691539,0.37565342285073333,0.11797887641052887,1.4392986422070528,-0.14117990910243533,0.06607298267016493,0.07096813912793143,0.12606060062407418,0.043845889969708444,0.044410822731112604,0.10323305384167973,0.029910706018479456,0.03458458289472797,0.06919130806409028,0.02984624151393557,0.0469681647798392,0.21451788250093123
alstm,cvctrl,5,2,1/4/4/4/1,0.039968493340700795,0.33166076496281327,0.03964530633132406,0.32812241907971135,0.05954941501081128,0.7090763431710831,-0.1244076488496563,0.06539176171521131,0.06428306475304522,0.17155454426235195,0.03664941086182654,0.03342347738382036,-0.008176426980870864,0.02398506384117109,0.021752198874596715,-0.017123846227678777,0.028934679543361735,0.03830623687714354,0.11552372793077136
alstm,cvctrl,6,2,1/4/2/4/2,0.039842448577640376,0.3060235520787141,0.04791353903676694,0.3830276534309931,0.04857322950564174,0.7024390683628579,-0.07810699450660763,0.06285229445175551,0.0690960536101833,0.08233525600832567,0.04204442914873185,0.04410517723237175,0.060806533080766556,0.02247233959597117,0.03177225569018029,0.02399050273366198,0.025818967095661494,0.04539173653020856,0.011341501626733507
alstm,cvctrl,7,2,1/3/3/3/1,0.034113295782240385,0.2560084460595064,0.04546289323753452,0.3613405283167686,0.05871526580110709,0.8177569163953581,-0.08982543670839559,0.0529084762447127,0.06243177334328341,0.07943157881615309,0.03941403312775745,0.043927062241239774,0.062069543244982706,0.020831715340387486,0.03348783859136926,0.009944052722658685,0.015018707772830828,0.03916852435198252,0.10178888149116709
alstm,cvctrl,8,2,1/4/4/4/1,0.045424050755935044,0.36207152341385435,0.05167321089933511,0.4274165180967763,0.0719020798001464,0.9797738582503782,-0.09956018814120435,0.07040790966568657,0.075045715037346,0.16676175549966213,0.050385689248880525,0.052243588691432634,0.036480502875614655,0.02966671831680933,0.037204793640811425,0.0006269356926968997,0.02039388925639344,0.0348546090861198,0.09227934754441107
alstm,cvctrl,9,3,1/3/4/3/2,0.047125009585003555,0.3808734829063236,0.054753399766481185,0.4502495171789094,0.07946978708145337,1.1787178484368124,-0.11467254972478186,0.07440768943987704,0.07951436305551988,0.16217766587331575,0.0503821553441786,0.05300764307532393,0.030223129906826275,0.02886924497021469,0.03785517385643804,0.03949971343142919,0.025347716499971033,0.04371780175038241,0.09046202450163804
