model,seed,label,period,n_days,1-5,6-10,11-20,21-50,51-100,101+,top_minus_11_20
lgb,0,1d,all,871,0.308867,0.553051,0.394333,0.308878,0.193625,-0.120708,-0.102039
lgb,0,1d,2017,244,0.776173,1.278663,0.640981,0.455399,0.179238,-0.151548,0.089991
lgb,0,1d,2018,243,0.200388,0.307025,0.335971,0.320394,0.230258,-0.122633,-0.164277
lgb,0,1d,2019,244,-0.129564,0.318018,0.341393,0.217112,0.154667,-0.093778,-0.470957
lgb,0,1d,2020,140,0.491077,0.211393,0.160417,0.191492,0.222181,-0.109974,0.330659
lgb,0,20d,all,871,0.105804,0.091610,0.107145,0.063879,0.016764,-0.022463,-0.004628
lgb,0,20d,2017,244,0.097046,0.101114,0.116074,0.111936,0.067621,-0.039249,-0.032192
lgb,0,20d,2018,243,-0.000527,-0.076543,0.039351,0.030288,0.014141,-0.008082,-0.038746
lgb,0,20d,2019,244,0.254370,0.204863,0.164963,0.066377,-0.016996,-0.025324,0.089407
lgb,0,20d,2020,140,0.046782,0.165784,0.110265,0.034147,-0.009449,-0.013263,-0.063483
lgb,1,1d,all,871,0.468628,0.258705,0.412892,0.273528,0.137715,-0.103472,0.061042
lgb,1,1d,2017,244,0.767605,0.744527,0.576576,0.487190,0.094527,-0.132720,0.230425
lgb,1,1d,2018,243,0.531589,-0.120452,0.342046,0.318380,0.189112,-0.111081,0.151520
lgb,1,1d,2019,244,0.200062,0.123466,0.460510,0.086340,0.066712,-0.061289,-0.260448
lgb,1,1d,2020,140,0.380277,0.432569,0.168612,0.145523,0.246003,-0.111908,0.211665
lgb,1,20d,all,871,0.127811,0.088253,0.099840,0.072506,0.022336,-0.024918,0.026430
lgb,1,20d,2017,244,0.143566,0.084206,0.143680,0.141090,0.039813,-0.036865,-0.009307
lgb,1,20d,2018,243,-0.083427,-0.082839,0.025427,0.037162,0.030146,-0.011275,-0.109333
lgb,1,20d,2019,244,0.290317,0.217553,0.101471,0.060287,0.012200,-0.029997,0.188846
lgb,1,20d,2020,140,0.175872,0.132189,0.149794,0.035268,-0.004306,-0.019071,0.026078
lgb,2,1d,all,871,0.495855,0.432761,0.278897,0.316905,0.172980,-0.114365,0.236582
lgb,2,1d,2017,244,1.318652,0.786856,0.405051,0.464293,0.235640,-0.158930,1.003808
lgb,2,1d,2018,243,0.221786,0.358757,0.240409,0.278589,0.190557,-0.106267,-0.047775
lgb,2,1d,2019,244,0.341020,0.181718,0.196824,0.204086,0.103382,-0.079713,0.144195
lgb,2,1d,2020,140,0.011743,0.400232,0.267117,0.320740,0.153074,-0.110402,-0.255374
lgb,2,20d,all,871,0.127681,0.116974,0.077532,0.068828,0.025930,-0.024802,0.044031
lgb,2,20d,2017,244,0.116135,0.181814,0.089686,0.122830,0.056029,-0.038719,0.004655
lgb,2,20d,2018,243,0.035341,-0.004434,0.011204,0.026134,0.032730,-0.012237,0.021274
lgb,2,20d,2019,244,0.264907,0.173264,0.124511,0.064618,0.006147,-0.028424,0.140396
lgb,2,20d,2020,140,0.066404,0.113348,0.090944,0.056032,-0.004419,-0.016146,-0.024540
lgb,3,1d,all,871,0.634142,0.216991,0.283881,0.283052,0.184496,-0.113284,0.368057
lgb,3,1d,2017,244,0.989100,0.629562,0.642237,0.430257,0.175596,-0.149420,0.396800
lgb,3,1d,2018,243,0.596255,-0.125996,0.153471,0.323837,0.241411,-0.120331,0.442784
lgb,3,1d,2019,244,0.342016,0.280721,0.055551,0.131012,0.110614,-0.066496,0.286465
lgb,3,1d,2020,140,0.609490,-0.001705,0.278727,0.217430,0.228402,-0.118616,0.330763
lgb,3,20d,all,871,0.136234,0.101707,0.088506,0.072484,0.020765,-0.023959,0.048456
lgb,3,20d,2017,244,0.100104,0.115525,0.128689,0.133908,0.051259,-0.037653,-0.027808
lgb,3,20d,2018,243,-0.009628,-0.001049,0.003611,0.032497,0.022166,-0.008915,-0.013239
lgb,3,20d,2019,244,0.277889,0.197773,0.128977,0.070803,-0.005555,-0.027502,0.148912
lgb,3,20d,2020,140,0.206705,0.091791,0.096447,0.037720,0.010310,-0.020128,0.110258
lgb,4,1d,all,871,0.394404,0.679944,0.263270,0.280932,0.175516,-0.114656,0.121666
lgb,4,1d,2017,244,0.898549,1.273166,0.444165,0.413333,0.192047,-0.149186,0.415970
lgb,4,1d,2018,243,0.219950,0.524954,0.184080,0.287422,0.194522,-0.114705,0.033433
lgb,4,1d,2019,244,0.079867,0.409347,0.182650,0.187050,0.106219,-0.076283,-0.102784
lgb,4,1d,2020,140,0.398373,0.427103,0.225521,0.200521,0.233004,-0.120446,0.172852
lgb,4,20d,all,871,0.115883,0.068578,0.084055,0.063449,0.027516,-0.024018,0.032396
lgb,4,20d,2017,244,0.121097,0.092322,0.139121,0.097859,0.053867,-0.035736,-0.019291
lgb,4,20d,2018,243,0.023703,-0.077394,0.027940,0.015656,0.030049,-0.010599,-0.003280
lgb,4,20d,2019,244,0.206339,0.199775,0.133916,0.072601,0.001729,-0.028317,0.072423
lgb,4,20d,2020,140,0.111479,0.049686,0.000009,0.070743,0.021403,-0.019518,0.111470
lgb,5,1d,all,871,0.488360,0.477738,0.232921,0.248966,0.159308,-0.108532,0.262841
lgb,5,1d,2017,244,0.698526,0.727185,0.342068,0.414208,0.165169,-0.142832,0.382435
lgb,5,1d,2018,243,0.663922,0.320491,0.164750,0.164343,0.176197,-0.098086,0.499172
lgb,5,1d,2019,244,0.062100,0.464693,0.191829,0.189611,0.124368,-0.083098,-0.129729
lgb,5,1d,2020,140,0.560128,0.351702,0.233313,0.210029,0.179923,-0.110665,0.326815
lgb,5,20d,all,871,0.101869,0.101297,0.113070,0.069685,0.017924,-0.023967,-0.012259
lgb,5,20d,2017,244,0.086428,0.117459,0.143217,0.102069,0.057647,-0.037296,-0.061538
lgb,5,20d,2018,243,-0.004934,-0.005372,0.001935,0.044417,0.014005,-0.008864,-0.006869
lgb,5,20d,2019,244,0.191659,0.200700,0.176836,0.095301,-0.010039,-0.030443,0.014823
lgb,5,20d,2020,140,0.159577,0.085978,0.144545,0.013193,0.003435,-0.015849,0.015031
lgb,6,1d,all,871,0.516489,0.506539,0.337934,0.273061,0.148829,-0.108872,0.204826
lgb,6,1d,2017,244,0.720341,1.116809,0.655075,0.436301,0.170655,-0.149495,0.130387
lgb,6,1d,2018,243,0.663317,0.126449,0.191736,0.279750,0.153568,-0.103733,0.470597
lgb,6,1d,2019,244,0.231409,0.423512,0.235539,0.134240,0.131646,-0.081297,-0.004130
lgb,6,1d,2020,140,0.437461,0.312680,0.217490,0.215914,0.132140,-0.094459,0.219970
lgb,6,20d,all,871,0.093340,0.116816,0.118842,0.060868,0.018298,-0.023016,-0.024769
lgb,6,20d,2017,244,0.114110,0.123390,0.142734,0.107273,0.062349,-0.039104,-0.029779
lgb,6,20d,2018,243,-0.022875,0.012041,0.068666,0.034301,0.011441,-0.010352,-0.090448
lgb,6,20d,2019,244,0.181234,0.202664,0.148945,0.053465,-0.001788,-0.024634,0.032289
lgb,6,20d,2020,140,0.111506,0.134302,0.112861,0.038793,-0.012137,-0.014181,-0.001355
lgb,7,1d,all,871,0.611466,0.454458,0.295363,0.292815,0.187026,-0.121826,0.318911
lgb,7,1d,2017,244,0.943439,0.818635,0.623320,0.445134,0.191706,-0.157628,0.321005
lgb,7,1d,2018,243,0.629467,0.166255,0.281963,0.253069,0.197755,-0.115399,0.344489
lgb,7,1d,2019,244,0.429495,0.333775,0.109708,0.187181,0.159422,-0.092922,0.319787
lgb,7,1d,2020,140,0.336486,0.570553,0.066629,0.278174,0.207764,-0.120337,0.269857
lgb,7,20d,all,871,0.175564,0.087094,0.114423,0.059363,0.020151,-0.023821,0.063401
lgb,7,20d,2017,244,0.165494,0.099265,0.188824,0.133767,0.042406,-0.038763,-0.021211
lgb,7,20d,2018,243,0.030462,-0.084280,0.043776,0.020496,0.026182,-0.010108,-0.009544
lgb,7,20d,2019,244,0.323765,0.213072,0.118255,0.033360,0.009454,-0.026674,0.205509
lgb,7,20d,2020,140,0.188190,0.140717,0.100807,0.041725,-0.010765,-0.016692,0.087383
lgb,8,1d,all,871,0.608000,0.431151,0.479318,0.259066,0.157529,-0.111933,0.134567
lgb,8,1d,2017,244,0.857803,1.049981,0.957528,0.362759,0.204112,-0.153623,-0.114002
lgb,8,1d,2018,243,0.537385,0.206816,0.369293,0.317158,0.148419,-0.107116,0.146689
lgb,8,1d,2019,244,0.331534,0.271629,0.185888,0.096465,0.115148,-0.068379,0.145645
lgb,8,1d,2020,140,0.817578,0.226509,0.341957,0.257417,0.165112,-0.122608,0.475621
lgb,8,20d,all,871,0.148724,0.099033,0.118532,0.066373,0.020161,-0.024702,0.026806
lgb,8,20d,2017,244,0.118011,0.066497,0.154676,0.109302,0.066352,-0.040483,-0.047405
lgb,8,20d,2018,243,0.074385,-0.046502,0.060542,0.033053,0.010072,-0.008437,0.010140
lgb,8,20d,2019,244,0.219504,0.193830,0.147162,0.081050,-0.006335,-0.028282,0.072342
lgb,8,20d,2020,140,0.195491,0.201745,0.107109,0.024227,0.002590,-0.019294,0.088382
lgb,9,1d,all,871,0.583945,0.299411,0.452265,0.308469,0.139493,-0.114355,0.117053
lgb,9,1d,2017,244,0.875937,1.190139,0.507844,0.459452,0.174799,-0.154829,0.349375
lgb,9,1d,2018,243,0.541647,-0.078665,0.546250,0.338693,0.131231,-0.109695,-0.038614
lgb,9,1d,2019,244,0.275282,0.173969,0.354543,0.145844,0.135315,-0.085315,-0.079261
lgb,9,1d,2020,140,0.709275,-0.004719,0.362475,0.272813,0.099493,-0.101895,0.346800
lgb,9,20d,all,871,0.150623,0.090764,0.105176,0.059623,0.024679,-0.024882,0.045121
lgb,9,20d,2017,244,0.153256,0.173401,0.131865,0.105455,0.053105,-0.037468,0.029069
lgb,9,20d,2018,243,0.008537,-0.083115,0.004164,0.036296,0.020026,-0.010033,-0.003194
lgb,9,20d,2019,244,0.309071,0.169362,0.180850,0.044904,0.015449,-0.031478,0.128221
lgb,9,20d,2020,140,0.115241,0.119697,0.105218,0.045463,-0.000962,-0.017415,0.010023
lgb,10,1d,all,871,0.552144,0.535838,0.363675,0.350212,0.167320,-0.121606,0.232654
lgb,10,1d,2017,244,1.312658,1.171043,0.607852,0.491911,0.201469,-0.162970,0.833012
lgb,10,1d,2018,243,0.487586,0.032152,0.344410,0.453059,0.188758,-0.128804,0.132433
lgb,10,1d,2019,244,0.071198,0.399026,0.191361,0.253050,0.108661,-0.086470,-0.120163
lgb,10,1d,2020,140,0.491655,0.601433,0.268171,0.091994,0.171568,-0.097502,0.223484
lgb,10,20d,all,871,0.158252,0.093970,0.068068,0.072461,0.023965,-0.024981,0.081747
lgb,10,20d,2017,244,0.152632,0.163649,0.076923,0.137765,0.042315,-0.037997,0.039215
lgb,10,20d,2018,243,0.067227,-0.075156,0.028522,0.033178,0.038607,-0.015456,0.036509
lgb,10,20d,2019,244,0.252902,0.184510,0.087398,0.067099,0.005008,-0.026663,0.165504
lgb,10,20d,2020,140,0.160075,0.110451,0.088137,0.036020,-0.000933,-0.015947,0.071938
lgb,11,1d,all,871,0.552917,0.473048,0.387362,0.303235,0.155042,-0.115748,0.169635
lgb,11,1d,2017,244,1.001138,0.688953,0.583263,0.469003,0.197307,-0.153330,0.394931
lgb,11,1d,2018,243,0.382957,0.505567,0.226739,0.376671,0.153181,-0.115865,0.156218
lgb,11,1d,2019,244,0.265098,0.351991,0.368789,0.114740,0.107431,-0.078516,-0.103690
lgb,11,1d,2020,140,0.693458,0.256415,0.356704,0.211346,0.166568,-0.114134,0.336754
lgb,11,20d,all,871,0.167111,0.120216,0.093426,0.067854,0.021188,-0.024189,0.073056
lgb,11,20d,2017,244,0.172171,0.123148,0.190703,0.112045,0.056179,-0.039018,-0.037715
lgb,11,20d,2018,243,0.079971,0.046813,-0.033747,0.042972,0.024706,-0.011853,0.111709
lgb,11,20d,2019,244,0.238195,0.208996,0.121931,0.053354,0.007269,-0.027127,0.116263
lgb,11,20d,2020,140,0.188545,0.090422,0.095755,0.058877,-0.022041,-0.014722,0.092790
lgb,12,1d,all,871,0.650719,0.216808,0.513920,0.286254,0.163461,-0.113962,0.143183
lgb,12,1d,2017,244,1.203427,0.207461,1.000197,0.544900,0.127524,-0.149492,0.172293
lgb,12,1d,2018,243,0.803556,0.230372,0.411345,0.229636,0.201841,-0.117330,0.392211
lgb,12,1d,2019,244,0.112428,0.398058,0.176514,0.125773,0.154988,-0.080078,-0.064086
lgb,12,1d,2020,140,0.447472,-0.102798,0.425267,0.210000,0.174063,-0.104518,0.022206
lgb,12,20d,all,871,0.110701,0.105918,0.116656,0.066888,0.025218,-0.025002,-0.005856
lgb,12,20d,2017,244,0.132193,0.104933,0.169090,0.123501,0.060980,-0.039512,-0.042503
lgb,12,20d,2018,243,-0.009210,0.019580,0.046754,0.027791,0.016394,-0.010416,-0.055964
lgb,12,20d,2019,244,0.211541,0.254298,0.123836,0.057117,0.007878,-0.028362,0.087705
lgb,12,20d,2020,140,0.112341,0.000587,0.134289,0.052833,0.007930,-0.019271,-0.021948
lgb,13,1d,all,871,0.431645,0.372442,0.403137,0.262162,0.178945,-0.114327,0.013568
lgb,13,1d,2017,244,1.018678,0.716518,0.632159,0.334919,0.175363,-0.139393,0.334708
lgb,13,1d,2018,243,0.336263,0.174096,0.472889,0.228317,0.169751,-0.104600,-0.143204
lgb,13,1d,2019,244,0.199656,0.420650,0.148717,0.205948,0.142714,-0.090581,0.050939
lgb,13,1d,2020,140,0.004260,0.111109,0.324155,0.290869,0.263514,-0.128400,-0.319895
lgb,13,20d,all,871,0.125382,0.124109,0.112692,0.066864,0.017797,-0.024528,0.014490
lgb,13,20d,2017,244,0.155161,0.129762,0.190729,0.101050,0.052282,-0.037436,-0.032828
lgb,13,20d,2018,243,-0.002345,-0.039181,0.013102,0.033837,0.015574,-0.009812,-0.012721
lgb,13,20d,2019,244,0.248473,0.241595,0.148451,0.067699,0.000744,-0.030133,0.100023
lgb,13,20d,2020,140,0.082427,0.179269,0.089361,0.063177,-0.009212,-0.017967,-0.006933
lgb,14,1d,all,871,0.402985,0.564591,0.419599,0.260559,0.126287,-0.108797,-0.021033
lgb,14,1d,2017,244,0.620588,1.007760,0.781388,0.361332,0.118760,-0.144746,-0.178059
lgb,14,1d,2018,243,0.533750,0.357886,0.355088,0.266925,0.200998,-0.123274,0.178661
lgb,14,1d,2019,244,0.159662,0.292521,0.196955,0.192006,0.060465,-0.065957,-0.037293
lgb,14,1d,2020,140,0.217184,0.625674,0.284289,0.191884,0.123035,-0.094762,-0.067105
lgb,14,20d,all,871,0.136203,0.131555,0.106202,0.066058,0.012180,-0.023673,0.029634
lgb,14,20d,2017,244,0.133662,0.131012,0.139283,0.118640,0.036055,-0.036840,-0.007067
lgb,14,20d,2018,243,0.047742,0.073026,0.029480,0.029566,0.019677,-0.012787,0.018263
lgb,14,20d,2019,244,0.234918,0.211421,0.136129,0.072358,-0.005393,-0.027508,0.098789
lgb,14,20d,2020,140,0.124931,0.097171,0.130410,0.026950,-0.012318,-0.013043,-0.005479
lgb,15,1d,all,871,0.398112,0.501653,0.312983,0.305904,0.125868,-0.109524,0.085130
lgb,15,1d,2017,244,0.749086,0.736722,0.590251,0.355291,0.161998,-0.139728,0.158834
lgb,15,1d,2018,243,0.310074,0.434466,0.270602,0.351785,0.087429,-0.106160,0.039472
lgb,15,1d,2019,244,0.106742,0.443882,0.201324,0.249051,0.081217,-0.081672,-0.094582
lgb,15,1d,2020,140,0.440799,0.309227,0.095516,0.238059,0.206481,-0.110665,0.345283
lgb,15,20d,all,871,0.136550,0.102685,0.101073,0.055366,0.014660,-0.021411,0.035477
lgb,15,20d,2017,244,0.126056,0.131940,0.137594,0.091921,0.042560,-0.032454,-0.011538
lgb,15,20d,2018,243,-0.024993,-0.051128,0.015403,0.023593,0.003936,-0.003257,-0.040396
lgb,15,20d,2019,244,0.311646,0.222579,0.130717,0.055334,0.016501,-0.032153,0.180929
lgb,15,20d,2020,140,0.135068,0.112250,0.135305,0.046859,-0.018510,-0.015259,-0.000237
lgb,16,1d,all,871,0.427573,0.430774,0.432136,0.296258,0.137436,-0.108273,-0.005329
lgb,16,1d,2017,244,0.811452,1.145459,0.459667,0.417905,0.194478,-0.145244,0.363019
lgb,16,1d,2018,243,0.339618,-0.057265,0.523785,0.350731,0.097082,-0.096825,-0.199568
lgb,16,1d,2019,244,-0.001178,0.363147,0.309749,0.196380,0.069696,-0.072455,-0.310927
lgb,16,1d,2020,140,0.669934,0.254025,0.435757,0.161629,0.224671,-0.125368,0.234177
lgb,16,20d,all,871,0.136491,0.065017,0.100067,0.070255,0.028739,-0.025606,0.033567
lgb,16,20d,2017,244,0.138585,0.078515,0.133141,0.107203,0.051864,-0.034166,-0.007035
lgb,16,20d,2018,243,0.033205,-0.042795,0.015451,0.041425,0.024120,-0.012202,0.019417
lgb,16,20d,2019,244,0.249310,0.167953,0.152416,0.072232,-0.001036,-0.028632,0.096894
lgb,16,20d,2020,140,0.117354,0.052744,0.099548,0.052514,0.047496,-0.028766,0.017805
lgb,17,1d,all,871,0.625539,0.454814,0.338271,0.288609,0.188411,-0.121348,0.280335
lgb,17,1d,2017,244,1.169065,0.659503,0.699735,0.456544,0.199166,-0.163253,0.437818
lgb,17,1d,2018,243,0.574318,0.243329,0.209875,0.361181,0.179833,-0.117510,0.355953
lgb,17,1d,2019,244,0.141397,0.496242,0.385537,0.042527,0.176710,-0.086500,-0.244140
lgb,17,1d,2020,140,0.639031,0.429994,-0.150215,0.293568,0.204697,-0.114962,0.789247
lgb,17,20d,all,871,0.103442,0.118457,0.135292,0.065137,0.024866,-0.025783,-0.032952
lgb,17,20d,2017,244,0.128130,0.115272,0.210091,0.103516,0.065466,-0.041839,-0.087566
lgb,17,20d,2018,243,-0.035763,0.014739,0.079852,0.042818,0.017150,-0.012100,-0.117280
lgb,17,20d,2019,244,0.227749,0.215459,0.157291,0.056306,0.004758,-0.028500,0.070458
lgb,17,20d,2020,140,0.089879,0.131067,0.063447,0.052127,0.001969,-0.016893,0.026433
lgb,18,1d,all,871,0.478632,0.312931,0.411627,0.322455,0.173802,-0.118862,0.067150
lgb,18,1d,2017,244,0.884981,0.550363,0.803420,0.483643,0.180959,-0.157841,0.091243
lgb,18,1d,2018,243,0.540889,0.221078,0.098678,0.428700,0.193782,-0.124327,0.430910
lgb,18,1d,2019,244,0.096486,0.306285,0.344999,0.147844,0.110371,-0.077441,-0.248513
lgb,18,1d,2020,140,0.332696,0.081703,0.389471,0.157698,0.235843,-0.112746,-0.056775
lgb,18,20d,all,871,0.126163,0.119450,0.095558,0.061169,0.023787,-0.024123,0.029174
lgb,18,20d,2017,244,0.124466,0.139032,0.104166,0.119176,0.053030,-0.037612,0.020622
lgb,18,20d,2018,243,0.014222,0.048923,0.021870,0.040511,0.018331,-0.012134,-0.012616
lgb,18,20d,2019,244,0.246723,0.202598,0.133681,0.045529,0.011856,-0.027649,0.113041
lgb,18,20d,2020,140,0.115100,0.062565,0.143161,0.022737,0.002744,-0.015381,-0.028061
lgb,19,1d,all,871,0.344014,0.335630,0.280597,0.331456,0.175878,-0.117596,0.061908
lgb,19,1d,2017,244,0.685722,0.777988,0.312396,0.505687,0.196362,-0.163440,0.354760
lgb,19,1d,2018,243,0.178485,0.343082,0.339954,0.282247,0.233764,-0.116222,-0.149806
lgb,19,1d,2019,244,0.275169,-0.032996,0.185929,0.258015,0.090111,-0.077437,0.089240
lgb,19,1d,2020,140,0.166569,0.309944,0.285114,0.239628,0.187344,-0.109211,-0.118544
lgb,19,20d,all,871,0.126399,0.081869,0.104497,0.063697,0.027548,-0.025563,0.021441
lgb,19,20d,2017,244,0.153439,0.105701,0.072064,0.113401,0.062823,-0.040039,0.081399
lgb,19,20d,2018,243,0.000811,-0.101142,0.086871,0.028409,0.020245,-0.009288,-0.086774
lgb,19,20d,2019,244,0.272466,0.241875,0.110924,0.073314,0.002166,-0.029924,0.161542
lgb,19,20d,2020,140,0.046223,0.080042,0.180601,0.021832,0.022257,-0.021103,-0.134378
mlp,0,1d,all,859,0.434935,0.330771,0.206849,0.236897,0.132403,-0.099118,0.228086
mlp,0,1d,2017,244,0.916721,0.559575,0.179013,0.318109,0.191462,-0.142606,0.737708
mlp,0,1d,2018,243,0.469801,0.280075,0.364542,0.208412,0.064169,-0.086297,0.105258
mlp,0,1d,2019,232,-0.143222,0.352944,0.132784,0.172051,0.146868,-0.074248,-0.276006
mlp,0,1d,2020,140,0.484564,-0.016437,0.103333,0.251330,0.124140,-0.086434,0.381231
mlp,0,20d,all,859,0.173464,0.116447,0.098158,0.060434,0.019564,-0.026547,0.075307
mlp,0,20d,2017,244,0.237224,0.166333,0.143987,0.080269,0.011917,-0.033688,0.093237
mlp,0,20d,2018,243,0.104144,0.058746,0.049864,0.045155,0.007839,-0.015642,0.054281
mlp,0,20d,2019,232,0.194038,0.150056,0.117281,0.078914,0.041678,-0.036603,0.076757
mlp,0,20d,2020,140,0.149007,0.074676,0.070828,0.022160,0.017069,-0.016580,0.078179
mlp,1,1d,all,859,0.427528,0.354246,0.182498,0.221931,0.085791,-0.082559,0.245030
mlp,1,1d,2017,244,0.644040,0.660684,0.385437,0.229799,0.081229,-0.102206,0.258603
mlp,1,1d,2018,243,0.649197,0.368558,0.266125,0.198658,0.031994,-0.078196,0.383072
mlp,1,1d,2019,232,-0.021230,0.068935,0.022485,0.234967,0.105924,-0.063906,-0.043714
mlp,1,1d,2020,140,0.402670,0.264050,-0.053467,0.227199,0.154045,-0.086535,0.456137
mlp,1,20d,all,859,0.160245,0.158010,0.082188,0.060132,0.010175,-0.023716,0.078057
mlp,1,20d,2017,244,0.272685,0.238356,0.144393,0.068235,-0.011717,-0.027192,0.128292
mlp,1,20d,2018,243,0.060350,0.085102,0.017828,0.043223,0.001918,-0.012159,0.042522
mlp,1,20d,2019,232,0.161612,0.178624,0.121819,0.094551,0.044160,-0.039562,0.039793
mlp,1,20d,2020,140,0.135431,0.110808,0.020659,0.019057,0.007070,-0.011799,0.114772
mlp,2,1d,all,859,0.359156,0.391781,0.242202,0.199096,0.144690,-0.098174,0.116954
mlp,2,1d,2017,244,0.775459,0.499887,0.427369,0.243213,0.154429,-0.128973,0.348089
mlp,2,1d,2018,243,0.220725,0.498266,0.156246,0.259231,0.087633,-0.090483,0.064478
mlp,2,1d,2019,232,0.108235,0.190659,0.247388,0.120916,0.138509,-0.072400,-0.139153
mlp,2,1d,2020,140,0.286105,0.348955,0.060155,0.146269,0.236904,-0.100188,0.225950
mlp,2,20d,all,859,0.177292,0.168815,0.115820,0.060980,0.013824,-0.027739,0.061472
mlp,2,20d,2017,244,0.217500,0.234119,0.179485,0.070103,0.012441,-0.035803,0.038015
mlp,2,20d,2018,243,0.097884,0.137284,0.061789,0.067767,0.011125,-0.022448,0.036095
mlp,2,20d,2019,232,0.183410,0.200083,0.160985,0.086480,0.035376,-0.039422,0.022426
mlp,2,20d,2020,140,0.235034,0.058581,0.024766,-0.008410,-0.014335,-0.003761,0.210268
mlp,3,1d,all,859,0.307468,0.374659,0.258320,0.218299,0.092177,-0.087727,0.049148
mlp,3,1d,2017,244,0.687383,0.772571,0.464637,0.208477,0.127062,-0.126416,0.222747
mlp,3,1d,2018,243,0.477890,0.480947,0.266631,0.185297,0.099366,-0.093309,0.211259
mlp,3,1d,2019,232,-0.101914,0.115772,0.195807,0.229248,0.035118,-0.052949,-0.297721
mlp,3,1d,2020,140,0.022081,-0.078016,-0.012987,0.274713,0.112636,-0.067746,0.035068
mlp,3,20d,all,859,0.153336,0.102871,0.116521,0.054280,0.005026,-0.022442,0.036816
mlp,3,20d,2017,244,0.263099,0.172194,0.155320,0.059383,-0.002169,-0.029114,0.107779
mlp,3,20d,2018,243,0.063363,0.101894,0.091987,0.034840,0.014390,-0.018354,-0.028624
mlp,3,20d,2019,232,0.191899,0.120267,0.144294,0.081261,0.021737,-0.032554,0.047605
mlp,3,20d,2020,140,0.055126,-0.044706,0.046054,0.034996,-0.026023,-0.001370,0.009072
mlp,4,1d,all,859,0.359359,0.340309,0.234427,0.227848,0.114697,-0.093842,0.124932
mlp,4,1d,2017,244,0.621928,0.716898,0.403902,0.218457,0.161746,-0.129320,0.218027
mlp,4,1d,2018,243,0.527406,0.484297,0.114279,0.179360,0.160622,-0.101521,0.413127
mlp,4,1d,2019,232,0.036704,-0.026024,0.320491,0.190560,0.033563,-0.053414,-0.283788
mlp,4,1d,2020,140,0.140133,0.035882,0.006209,0.389637,0.086274,-0.085096,0.133924
mlp,4,20d,all,859,0.178753,0.126335,0.086461,0.064139,0.017731,-0.026672,0.092292
mlp,4,20d,2017,244,0.252378,0.170072,0.149890,0.074092,0.004964,-0.032000,0.102487
mlp,4,20d,2018,243,0.095754,0.121704,0.024760,0.051194,0.018914,-0.019809,0.070993
mlp,4,20d,2019,232,0.228387,0.156895,0.143699,0.070194,0.046990,-0.039133,0.084688
mlp,4,20d,2020,140,0.113311,0.008157,-0.010617,0.059355,-0.009928,-0.008915,0.123928
mlp,5,1d,all,859,0.266136,0.300415,0.234238,0.209317,0.059033,-0.074052,0.031898
mlp,5,1d,2017,244,0.465748,0.400363,0.328531,0.274518,0.017776,-0.088291,0.137217
mlp,5,1d,2018,243,0.348357,0.214622,0.282405,0.254488,0.072357,-0.086642,0.065952
mlp,5,1d,2019,232,0.199078,0.259868,0.177683,0.153821,0.069934,-0.061354,0.021395
mlp,5,1d,2020,140,-0.114307,0.341747,0.079206,0.108444,0.089903,-0.048246,-0.193513
mlp,5,20d,all,859,0.153845,0.154909,0.100959,0.052964,0.015965,-0.025218,0.052885
mlp,5,20d,2017,244,0.149188,0.121705,0.097019,0.047525,-0.010589,-0.017621,0.052169
mlp,5,20d,2018,243,0.080167,0.124160,0.116885,0.058528,0.026579,-0.026881,-0.036718
mlp,5,20d,2019,232,0.233916,0.277388,0.118795,0.079923,0.049334,-0.042866,0.115121
mlp,5,20d,2020,140,0.158870,0.065811,0.051012,0.008692,-0.010757,-0.006708,0.107858
mlp,6,1d,all,859,0.337867,0.346668,0.298931,0.216022,0.128214,-0.094335,0.038937
mlp,6,1d,2017,244,0.520979,0.574780,0.644024,0.269247,0.158625,-0.130679,-0.123045
mlp,6,1d,2018,243,0.534664,0.446313,0.258961,0.223436,0.023814,-0.078424,0.275703
mlp,6,1d,2019,232,-0.119673,0.335795,0.076082,0.202193,0.121902,-0.069819,-0.195755
mlp,6,1d,2020,140,0.428821,-0.205991,0.132966,0.133108,0.266787,-0.098883,0.295854
mlp,6,20d,all,859,0.136891,0.142835,0.108672,0.057533,0.012825,-0.023953,0.028219
mlp,6,20d,2017,244,0.214568,0.186412,0.168627,0.063605,0.010574,-0.029213,0.045941
mlp,6,20d,2018,243,0.065267,0.129974,0.071980,0.057962,0.006646,-0.019287,-0.006712
mlp,6,20d,2019,232,0.161264,0.165248,0.118763,0.079107,0.037011,-0.035021,0.042501
mlp,6,20d,2020,140,0.085961,0.052549,0.051364,0.010917,-0.012090,-0.004778,0.034598
mlp,7,1d,all,859,0.301884,0.320645,0.261701,0.182871,0.109659,-0.083489,0.040184
mlp,7,1d,2017,244,0.454676,0.386140,0.593534,0.245819,0.110008,-0.112773,-0.138859
mlp,7,1d,2018,243,0.292759,0.232770,0.462175,0.136648,0.079629,-0.079156,-0.169416
mlp,7,1d,2019,232,0.057278,0.352202,0.040564,0.194813,0.129566,-0.073595,0.016714
mlp,7,1d,2020,140,0.453282,0.307177,-0.301308,0.133770,0.128470,-0.056226,0.754590
mlp,7,20d,all,859,0.171318,0.146043,0.110300,0.042957,0.021506,-0.025517,0.061018
mlp,7,20d,2017,244,0.188815,0.137627,0.149347,0.042607,0.004009,-0.023326,0.039467
mlp,7,20d,2018,243,0.111929,0.184459,0.065971,0.037302,0.029022,-0.024422,0.045958
mlp,7,20d,2019,232,0.242596,0.172323,0.166752,0.059463,0.048243,-0.039339,0.075844
mlp,7,20d,2020,140,0.127314,0.051044,0.026847,0.026383,-0.004780,-0.008624,0.100467
mlp,8,1d,all,859,0.327963,0.354006,0.261362,0.220222,0.093383,-0.086649,0.066601
mlp,8,1d,2017,244,0.625332,0.693239,0.389297,0.229181,0.141373,-0.122772,0.236034
mlp,8,1d,2018,243,0.327784,0.413580,0.323100,0.268885,0.088532,-0.097311,0.004683
mlp,8,1d,2019,232,0.015221,0.140815,0.045072,0.190608,0.098937,-0.059205,-0.029851
mlp,8,1d,2020,140,0.323791,0.009613,0.286562,0.168793,0.009038,-0.050271,0.037229
mlp,8,20d,all,859,0.173624,0.137839,0.098724,0.058914,0.009072,-0.023866,0.074900
mlp,8,20d,2017,244,0.250764,0.212595,0.127811,0.052961,0.018444,-0.030873,0.122953
mlp,8,20d,2018,243,0.132499,0.112121,0.086917,0.064107,0.007057,-0.021842,0.045582
mlp,8,20d,2019,232,0.186109,0.121708,0.081274,0.087569,0.032101,-0.032674,0.104835
mlp,8,20d,2020,140,0.090140,0.078575,0.097065,0.013404,-0.041438,-0.000761,-0.006925
mlp,9,1d,all,859,0.460780,0.279962,0.313976,0.194889,0.092742,-0.088900,0.146804
mlp,9,1d,2017,244,0.802008,0.364070,0.604674,0.207459,0.123707,-0.127133,0.197334
mlp,9,1d,2018,243,0.287421,0.643688,0.292351,0.236066,0.127660,-0.107164,-0.004931
mlp,9,1d,2019,232,0.410644,0.129690,0.111266,0.143104,0.063605,-0.056739,0.299378
mlp,9,1d,2020,140,0.249335,-0.251077,0.177888,0.186585,0.026034,-0.043400,0.071447
mlp,9,20d,all,859,0.187091,0.169360,0.124547,0.076126,0.021693,-0.032958,0.062543
mlp,9,20d,2017,244,0.245750,0.165475,0.156787,0.069096,0.009879,-0.033156,0.088963
mlp,9,20d,2018,243,0.167383,0.167737,0.112950,0.086901,0.022687,-0.033991,0.054433
mlp,9,20d,2019,232,0.199898,0.205821,0.120679,0.096366,0.054586,-0.044218,0.079219
mlp,9,20d,2020,140,0.098113,0.119307,0.094815,0.036572,-0.013245,-0.012400,0.003298
mlp,10,1d,all,859,0.285732,0.379146,0.256305,0.210472,0.115337,-0.090533,0.029427
mlp,10,1d,2017,244,0.718110,0.557003,0.309281,0.236808,0.172487,-0.123093,0.408829
mlp,10,1d,2018,243,0.396102,0.588732,0.290303,0.219140,0.085138,-0.099582,0.105800
mlp,10,1d,2019,232,0.003131,0.156877,0.052699,0.197469,0.056704,-0.049800,-0.049568
mlp,10,1d,2020,140,-0.195139,0.070539,0.439461,0.170888,0.164474,-0.084998,-0.634600
mlp,10,20d,all,859,0.168870,0.141541,0.085627,0.061590,0.013743,-0.024833,0.083243
mlp,10,20d,2017,244,0.230405,0.189403,0.137495,0.082465,0.020948,-0.034639,0.092910
mlp,10,20d,2018,243,0.100634,0.103104,0.051531,0.052545,0.013122,-0.019753,0.049103
mlp,10,20d,2019,232,0.156626,0.182954,0.086157,0.089599,0.025796,-0.032512,0.070469
mlp,10,20d,2020,140,0.200086,0.057103,0.053541,-0.004907,-0.017453,-0.004001,0.146545
mlp,11,1d,all,859,0.368760,0.248635,0.275324,0.197743,0.094435,-0.085369,0.093436
mlp,11,1d,2017,244,0.565089,0.411937,0.445460,0.286873,0.119311,-0.126635,0.119629
mlp,11,1d,2018,243,0.385668,0.313046,0.389097,0.142571,0.137266,-0.095335,-0.003429
mlp,11,1d,2019,232,0.173232,0.149353,0.018522,0.194893,0.047059,-0.050166,0.154711
mlp,11,1d,2020,140,0.318466,0.015328,0.203216,0.142846,0.054572,-0.053981,0.115250
mlp,11,20d,all,859,0.194949,0.180119,0.100232,0.048931,0.004570,-0.023683,0.094717
mlp,11,20d,2017,244,0.248022,0.223381,0.127929,0.034760,0.000997,-0.025456,0.120092
mlp,11,20d,2018,243,0.199783,0.149390,0.060581,0.046417,0.015947,-0.023741,0.139202
mlp,11,20d,2019,232,0.192581,0.252433,0.142511,0.092846,0.022046,-0.037627,0.050070
mlp,11,20d,2020,140,0.097932,0.039770,0.051624,0.006159,-0.037538,0.002318,0.046308
mlp,12,1d,all,859,0.353731,0.295496,0.285792,0.189867,0.082117,-0.082192,0.067939
mlp,12,1d,2017,244,0.752046,0.479632,0.236900,0.249352,0.102515,-0.111749,0.515147
mlp,12,1d,2018,243,0.412541,0.284392,0.413907,0.126225,0.092870,-0.083588,-0.001366
mlp,12,1d,2019,232,-0.015891,0.196295,0.262610,0.253340,0.010233,-0.058089,-0.278502
mlp,12,1d,2020,140,0.164682,0.156820,0.186718,0.092382,0.145995,-0.067852,-0.022036
mlp,12,20d,all,859,0.175149,0.142563,0.093930,0.040344,0.010232,-0.021894,0.081219
mlp,12,20d,2017,244,0.221908,0.246110,0.122263,0.043009,-0.001349,-0.025543,0.099645
mlp,12,20d,2018,243,0.124747,0.076263,0.080830,0.042981,0.023791,-0.022287,0.043917
mlp,12,20d,2019,232,0.242381,0.191664,0.103054,0.077081,0.017672,-0.031828,0.139328
mlp,12,20d,2020,140,0.071165,-0.003144,0.052365,-0.028967,-0.005287,0.001400,0.018799
mlp,13,1d,all,859,0.513014,0.189554,0.281892,0.211663,0.106247,-0.089286,0.231122
mlp,13,1d,2017,244,0.840537,0.356388,0.384906,0.264356,0.137497,-0.119549,0.455631
mlp,13,1d,2018,243,0.677958,0.369888,0.236910,0.183778,0.050395,-0.079519,0.441047
mlp,13,1d,2019,232,0.186617,0.057017,0.182859,0.169299,0.126299,-0.071919,0.003757
mlp,13,1d,2020,140,0.192115,-0.196484,0.343124,0.237821,0.115783,-0.082025,-0.151009
mlp,13,20d,all,859,0.146114,0.135856,0.113153,0.055493,0.012924,-0.024242,0.032961
mlp,13,20d,2017,244,0.290155,0.193767,0.198319,0.077111,-0.003072,-0.033002,0.091836
mlp,13,20d,2018,243,0.022533,0.048057,0.014390,0.025407,0.006036,-0.007778,0.008143
mlp,13,20d,2019,232,0.219566,0.185556,0.133784,0.093212,0.028099,-0.037590,0.085782
mlp,13,20d,2020,140,-0.010572,0.106025,0.102402,0.008338,0.027935,-0.015715,-0.112974
mlp,14,1d,all,859,0.268730,0.378349,0.276946,0.226970,0.103940,-0.089918,-0.008216
mlp,14,1d,2017,244,0.729731,0.559687,0.507667,0.273587,0.097674,-0.125501,0.222064
mlp,14,1d,2018,243,0.314465,0.419200,0.417096,0.172264,0.123058,-0.093729,-0.102630
mlp,14,1d,2019,232,-0.115105,0.316097,0.000976,0.253403,0.122623,-0.072751,-0.116081
mlp,14,1d,2020,140,0.016472,0.093668,0.084950,0.197254,0.050987,-0.049493,-0.068478
mlp,14,20d,all,859,0.116610,0.133287,0.081395,0.057457,0.020736,-0.024188,0.035215
mlp,14,20d,2017,244,0.231669,0.245085,0.162078,0.070126,0.014569,-0.035394,0.069591
mlp,14,20d,2018,243,0.039150,0.087136,0.016327,0.045379,0.021948,-0.015397,0.022823
mlp,14,20d,2019,232,0.156794,0.179888,0.101228,0.083628,0.035346,-0.034744,0.055566
mlp,14,20d,2020,140,-0.015204,-0.057679,0.021273,0.013530,0.005480,-0.002649,-0.036477
mlp,15,1d,all,859,0.447497,0.427930,0.203019,0.184914,0.119410,-0.092069,0.244479
mlp,15,1d,2017,244,0.878279,0.664456,0.341913,0.242658,0.146842,-0.134648,0.536367
mlp,15,1d,2018,243,0.567772,0.330434,0.185191,0.223509,0.038664,-0.077579,0.382582
mlp,15,1d,2019,232,0.040455,0.213777,0.182583,0.120661,0.110058,-0.060762,-0.142129
mlp,15,1d,2020,140,0.156655,0.536747,0.025462,0.122843,0.227116,-0.094442,0.131193
mlp,15,20d,all,859,0.147540,0.131959,0.097753,0.062286,0.007555,-0.023881,0.049788
mlp,15,20d,2017,244,0.214822,0.226975,0.167235,0.066443,0.008796,-0.033595,0.047587
mlp,15,20d,2018,243,0.089485,0.016779,0.056589,0.057848,0.009219,-0.017128,0.032896
mlp,15,20d,2019,232,0.138216,0.171080,0.123830,0.086015,0.020379,-0.031903,0.014386
mlp,15,20d,2020,140,0.146298,0.102291,0.005449,0.023930,-0.018473,-0.005553,0.140849
mlp,16,1d,all,859,0.186960,0.308475,0.383962,0.191053,0.086075,-0.085054,-0.197003
mlp,16,1d,2017,244,0.510917,0.555047,0.439095,0.212672,0.072540,-0.104707,0.071822
mlp,16,1d,2018,243,0.167445,0.443538,0.513053,0.199648,0.137245,-0.110512,-0.345608
mlp,16,1d,2019,232,-0.100858,0.062377,0.296919,0.193301,0.033859,-0.051464,-0.397776
mlp,16,1d,2020,140,0.129063,0.048608,0.206808,0.134761,0.106632,-0.061799,-0.077746
mlp,16,20d,all,859,0.152434,0.178070,0.130890,0.048463,0.017072,-0.027147,0.021544
mlp,16,20d,2017,244,0.209948,0.280606,0.170739,0.053808,-0.001873,-0.030215,0.039209
mlp,16,20d,2018,243,0.064222,0.145327,0.112437,0.046573,0.023242,-0.024663,-0.048215
mlp,16,20d,2019,232,0.176549,0.149989,0.142038,0.083720,0.046027,-0.039298,0.034510
mlp,16,20d,2020,140,0.165861,0.102130,0.075232,-0.015241,-0.007979,-0.006236,0.090629
mlp,17,1d,all,859,0.390174,0.363243,0.316497,0.197666,0.116362,-0.093708,0.073677
mlp,17,1d,2017,244,0.914304,0.629911,0.500096,0.239331,0.177474,-0.144174,0.414207
mlp,17,1d,2018,243,0.350777,0.365764,0.270148,0.189991,0.078213,-0.080863,0.080629
mlp,17,1d,2019,232,0.124271,0.104498,0.146378,0.194225,0.044274,-0.052314,-0.022107
mlp,17,1d,2020,140,-0.018086,0.319181,0.356439,0.144023,0.194497,-0.096054,-0.374525
mlp,17,20d,all,859,0.151793,0.112519,0.125136,0.060232,0.025321,-0.028411,0.026658
mlp,17,20d,2017,244,0.294615,0.164846,0.144974,0.090523,0.033197,-0.041152,0.149641
mlp,17,20d,2018,243,0.053579,0.061686,0.114038,0.036088,0.025571,-0.020598,-0.060459
mlp,17,20d,2019,232,0.138509,0.144486,0.144477,0.076371,0.029323,-0.032959,-0.005968
mlp,17,20d,2020,140,0.095077,0.057264,0.078187,0.022945,0.004616,-0.012325,0.016890
mlp,18,1d,all,859,0.370466,0.333770,0.282751,0.225002,0.084315,-0.085812,0.087714
mlp,18,1d,2017,244,0.911804,0.428187,0.330387,0.300776,0.101354,-0.119553,0.581417
mlp,18,1d,2018,243,0.423327,0.350035,0.289223,0.209607,0.088683,-0.085934,0.134104
mlp,18,1d,2019,232,0.003159,0.189829,0.223809,0.183659,0.065564,-0.059843,-0.220650
mlp,18,1d,2020,140,-0.061330,0.377454,0.285328,0.187580,0.077840,-0.069459,-0.346658
mlp,18,20d,all,859,0.165343,0.116898,0.113515,0.068562,0.011327,-0.025641,0.051827
mlp,18,20d,2017,244,0.260541,0.210375,0.158051,0.080339,0.006833,-0.034162,0.102490
mlp,18,20d,2018,243,0.127314,0.060817,0.078719,0.056138,0.023777,-0.021709,0.048595
mlp,18,20d,2019,232,0.172320,0.129603,0.134381,0.089449,0.026033,-0.034000,0.037939
mlp,18,20d,2020,140,0.054020,0.030540,0.062164,0.035436,-0.026502,-0.003941,-0.008144
mlp,19,1d,all,859,0.412081,0.411972,0.235155,0.224651,0.111322,-0.096829,0.176926
mlp,19,1d,2017,244,0.902995,0.722405,0.377007,0.277880,0.087298,-0.127910,0.525987
mlp,19,1d,2018,243,0.373937,0.374734,0.214861,0.225742,0.128665,-0.100726,0.159076
mlp,19,1d,2019,232,0.197296,0.001262,0.234966,0.214939,0.083222,-0.069560,-0.037670
mlp,19,1d,2020,140,-0.024441,0.610302,0.023463,0.145944,0.169252,-0.080696,-0.047905
mlp,19,20d,all,859,0.137378,0.129556,0.066580,0.060601,0.025812,-0.026201,0.070798
mlp,19,20d,2017,244,0.285544,0.199393,0.116100,0.075499,0.025211,-0.036982,0.169444
mlp,19,20d,2018,243,0.044162,0.035957,0.019808,0.031957,0.021734,-0.014069,0.024354
mlp,19,20d,2019,232,0.130588,0.185292,0.091448,0.087860,0.046856,-0.037299,0.039141
mlp,19,20d,2020,140,0.052047,0.079133,0.020778,0.039766,-0.000483,-0.010315,0.031268
gru,0,1d,all,871,0.363817,0.218796,0.253410,0.138879,0.083004,-0.071992,0.110407
gru,0,1d,2017,244,0.358147,0.504426,0.321229,0.173941,0.083317,-0.090285,0.036918
gru,0,1d,2018,243,0.514044,0.129127,0.238796,0.140055,0.104156,-0.080435,0.275248
gru,0,1d,2019,244,0.237974,0.144425,0.217207,0.117329,0.046648,-0.049599,0.020768
gru,0,1d,2020,140,0.329578,0.004650,0.222898,0.112824,0.108329,-0.064002,0.106679
gru,0,20d,all,871,0.154190,0.091734,0.065862,0.030194,0.013379,-0.018082,0.088327
gru,0,20d,2017,244,0.246071,0.113298,0.109232,0.046937,0.020884,-0.028437,0.136838
gru,0,20d,2018,243,0.073884,0.078243,0.042647,0.031289,0.023228,-0.017333,0.031237
gru,0,20d,2019,244,0.169881,0.102156,0.042780,0.025276,0.014785,-0.016479,0.127101
gru,0,20d,2020,140,0.106543,0.059704,0.070140,0.007543,-0.019210,-0.004081,0.036404
gru,1,1d,all,871,0.312412,0.091191,0.132796,0.099792,0.041215,-0.044414,0.179616
gru,1,1d,2017,244,0.352525,0.297280,0.107562,0.103289,0.107370,-0.069572,0.244963
gru,1,1d,2018,243,0.340757,-0.090901,0.116049,0.166416,0.100131,-0.064822,0.224709
gru,1,1d,2019,244,0.235935,0.120550,0.111314,0.006556,-0.016368,-0.011369,0.124621
gru,1,1d,2020,140,0.324953,-0.002472,0.242825,0.138559,-0.077221,-0.022032,0.082128
gru,1,20d,all,871,0.082909,0.034991,0.026715,0.009693,0.012929,-0.009800,0.056194
gru,1,20d,2017,244,0.135898,0.106468,0.062154,0.034923,0.022812,-0.021764,0.073744
gru,1,20d,2018,243,0.049854,0.069192,0.062475,0.006568,0.038506,-0.017991,-0.012621
gru,1,20d,2019,244,0.071900,-0.014757,-0.016380,-0.008231,0.001669,0.000223,0.088280
gru,1,20d,2020,140,0.066805,-0.063666,-0.023240,0.001873,-0.029388,0.008088,0.090045
gru,2,1d,all,871,0.344241,0.153119,0.263680,0.141646,0.085036,-0.071555,0.080561
gru,2,1d,2017,244,0.455431,0.255026,0.273706,0.220140,0.119889,-0.101437,0.181725
gru,2,1d,2018,243,0.317364,0.288426,0.350929,0.162244,0.102354,-0.087627,-0.033565
gru,2,1d,2019,244,0.333762,0.148465,0.179078,0.118625,0.010801,-0.041686,0.154683
gru,2,1d,2020,140,0.215146,-0.251331,0.240403,0.008717,0.122028,-0.042994,-0.025257
gru,2,20d,all,871,0.123101,0.083006,0.060192,0.030700,0.009800,-0.016246,0.062909
gru,2,20d,2017,244,0.255922,0.138619,0.104139,0.069993,0.028298,-0.035051,0.151783
gru,2,20d,2018,243,0.114238,0.103891,0.079355,0.033141,0.039321,-0.025547,0.034882
gru,2,20d,2019,244,0.066182,0.044378,0.009559,0.029068,-0.013092,-0.004240,0.056624
gru,2,20d,2020,140,0.004572,0.016047,0.037137,-0.039221,-0.034439,0.012088,-0.032565
gru,3,1d,all,871,0.358344,0.256237,0.267010,0.147859,0.088673,-0.076527,0.091335
gru,3,1d,2017,244,0.441260,0.293882,0.243531,0.218430,0.090595,-0.092256,0.197728
gru,3,1d,2018,243,0.365513,0.195167,0.415643,0.146699,0.153899,-0.101158,-0.050131
gru,3,1d,2019,244,0.464369,0.125501,0.202692,0.077673,0.035936,-0.045339,0.261677
gru,3,1d,2020,140,0.018879,0.521679,0.160661,0.147699,0.062894,-0.060051,-0.141783
gru,3,20d,all,871,0.172452,0.099841,0.070409,0.036072,0.011124,-0.019746,0.102043
gru,3,20d,2017,244,0.249741,0.158908,0.130648,0.080225,0.018006,-0.035865,0.119094
gru,3,20d,2018,243,0.127366,0.083936,0.079710,0.060102,0.045760,-0.031557,0.047657
gru,3,20d,2019,244,0.186965,0.034032,0.036777,0.008225,-0.004479,-0.007372,0.150188
gru,3,20d,2020,140,0.091125,0.137319,0.006931,-0.034852,-0.034243,0.007634,0.084194
gru,4,1d,all,871,0.366798,0.179929,0.272292,0.180600,0.066264,-0.074487,0.094506
gru,4,1d,2017,244,0.580195,0.316242,0.374196,0.207773,0.140012,-0.113876,0.205999
gru,4,1d,2018,243,0.300597,0.218794,0.355128,0.259592,0.083911,-0.095996,-0.054531
gru,4,1d,2019,244,0.510823,0.037610,0.246094,0.049225,0.004147,-0.034902,0.264729
gru,4,1d,2020,140,-0.138145,0.119890,-0.003992,0.222283,0.014031,-0.036646,-0.134153
gru,4,20d,all,871,0.166643,0.062868,0.094805,0.053289,0.013362,-0.023109,0.071838
gru,4,20d,2017,244,0.253362,0.137503,0.120320,0.090182,0.032068,-0.040357,0.133042
gru,4,20d,2018,243,0.106863,0.097673,0.118299,0.076717,0.020424,-0.029179,-0.011436
gru,4,20d,2019,244,0.199133,0.000951,0.076983,0.016674,-0.007818,-0.009382,0.122150
gru,4,20d,2020,140,0.063566,-0.021482,0.040109,0.011095,0.004813,-0.006045,0.023457
gru,5,1d,all,871,0.314764,0.304928,0.197476,0.197844,0.114797,-0.087593,0.117288
gru,5,1d,2017,244,0.435552,0.359159,0.392701,0.233121,0.120338,-0.112075,0.042852
gru,5,1d,2018,243,0.388289,0.396304,0.259893,0.212261,0.158566,-0.110094,0.128396
gru,5,1d,2019,244,0.314835,0.270734,-0.046950,0.154999,0.063518,-0.051513,0.361785
gru,5,1d,2020,140,-0.023496,0.110673,0.169650,0.185090,0.117441,-0.067976,-0.193146
gru,5,20d,all,871,0.142354,0.075589,0.096845,0.053272,0.016763,-0.023676,0.045509
gru,5,20d,2017,244,0.307203,0.136170,0.148898,0.104522,0.037706,-0.046988,0.158305
gru,5,20d,2018,243,0.067164,0.060379,0.073473,0.055320,0.023240,-0.021992,-0.006309
gru,5,20d,2019,244,0.064963,0.034839,0.060685,0.028991,-0.007400,-0.007925,0.004278
gru,5,20d,2020,140,0.118223,0.066264,0.108680,0.002021,0.010441,-0.012971,0.009543
gru,6,1d,all,871,0.288327,0.277270,0.189047,0.126671,0.079405,-0.065488,0.099280
gru,6,1d,2017,244,0.302261,0.492283,0.251047,0.169167,0.084753,-0.084304,0.051214
gru,6,1d,2018,243,0.362095,0.311454,0.237990,0.127484,0.132251,-0.086201,0.124105
gru,6,1d,2019,244,0.427078,0.050635,0.131398,0.082298,-0.015512,-0.027054,0.295679
gru,6,1d,2020,140,-0.102849,0.233333,0.095274,0.127583,0.141752,-0.062907,-0.198122
gru,6,20d,all,871,0.139710,0.070552,0.061315,0.030845,0.008501,-0.016133,0.078395
gru,6,20d,2017,244,0.185726,0.105783,0.120361,0.063441,0.016978,-0.029193,0.065364
gru,6,20d,2018,243,0.095679,0.045025,0.061471,0.048629,0.033975,-0.023943,0.034207
gru,6,20d,2019,244,0.170784,0.068695,0.022954,0.015988,-0.002993,-0.008786,0.147830
gru,6,20d,2020,140,0.082668,0.056641,0.023895,-0.031367,-0.030783,0.007592,0.058774
gru,7,1d,all,871,0.221483,0.320373,0.204280,0.155070,0.101141,-0.075632,0.017203
gru,7,1d,2017,244,0.369470,0.319256,0.391583,0.152958,0.143060,-0.102804,-0.022112
gru,7,1d,2018,243,0.340898,0.556248,0.223660,0.123728,0.122604,-0.086913,0.117238
gru,7,1d,2019,244,0.137389,0.279123,0.112633,0.099198,0.055632,-0.045131,0.024756
gru,7,1d,2020,140,-0.098945,-0.016085,0.001963,0.309330,0.069168,-0.061197,-0.100909
gru,7,20d,all,871,0.114214,0.081839,0.073739,0.041748,0.007070,-0.017635,0.040476
gru,7,20d,2017,244,0.231448,0.119722,0.099900,0.076265,0.017503,-0.032069,0.131548
gru,7,20d,2018,243,0.086220,0.096139,0.075542,0.043747,0.020225,-0.021142,0.010678
gru,7,20d,2019,244,0.093281,0.030461,0.060984,0.013462,-0.015448,-0.004219,0.032298
gru,7,20d,2020,140,-0.005631,0.079068,0.046881,0.026613,0.004654,-0.009393,-0.052512
gru,8,1d,all,871,0.250487,0.238060,0.235972,0.172816,0.076753,-0.072618,0.014515
gru,8,1d,2017,244,0.357971,0.291216,0.315794,0.215151,0.088760,-0.093482,0.042177
gru,8,1d,2018,243,0.260265,0.020526,0.198120,0.151249,0.144267,-0.080844,0.062145
gru,8,1d,2019,244,0.446315,0.190294,0.101406,0.096113,0.019967,-0.040488,0.344910
gru,8,1d,2020,140,-0.290921,0.605219,0.394198,0.268502,0.036399,-0.077287,-0.685118
gru,8,20d,all,871,0.173090,0.120710,0.075224,0.042273,0.021915,-0.024159,0.097867
gru,8,20d,2017,244,0.252246,0.212514,0.166479,0.094272,0.027632,-0.043961,0.085766
gru,8,20d,2018,243,0.110071,0.040655,0.048480,0.060799,0.040589,-0.026811,0.061591
gru,8,20d,2019,244,0.196609,0.087372,0.021710,0.016443,0.011891,-0.013600,0.174899
gru,8,20d,2020,140,0.104201,0.156810,0.054335,-0.036227,-0.003277,-0.003145,0.049866
gru,9,1d,all,871,0.380735,0.260886,0.229186,0.152657,0.109894,-0.080690,0.151549
gru,9,1d,2017,244,0.553211,0.437404,0.383582,0.150167,0.101450,-0.096996,0.169629
gru,9,1d,2018,243,0.481886,0.123782,0.194487,0.246593,0.169436,-0.108953,0.287399
gru,9,1d,2019,244,0.333726,0.237314,0.151077,0.076897,0.081732,-0.053998,0.182649
gru,9,1d,2020,140,-0.014513,0.231795,0.154781,0.124366,0.069741,-0.049166,-0.169294
gru,9,20d,all,871,0.197263,0.125712,0.100389,0.058033,0.013692,-0.026327,0.096874
gru,9,20d,2017,244,0.292485,0.201536,0.115255,0.091179,0.017232,-0.038542,0.177230
gru,9,20d,2018,243,0.142758,0.096302,0.103812,0.081567,0.050336,-0.037453,0.038946
gru,9,20d,2019,244,0.179000,0.067684,0.105079,0.022781,-0.007422,-0.012979,0.073921
gru,9,20d,2020,140,0.157217,0.144087,0.060496,0.019850,-0.019887,-0.008611,0.096721
gru,10,1d,all,871,0.266051,0.278518,0.171893,0.088590,0.075976,-0.057218,0.094157
gru,10,1d,2017,244,0.345342,0.247772,0.330017,0.138561,0.059248,-0.072078,0.015324
gru,10,1d,2018,243,0.331606,0.297218,0.063562,0.062979,0.156462,-0.071865,0.268044
gru,10,1d,2019,244,0.247720,0.216282,0.046712,-0.007916,0.073167,-0.031113,0.201008
gru,10,1d,2020,140,0.045627,0.406781,0.299829,0.212080,-0.029732,-0.050831,-0.254202
gru,10,20d,all,871,0.124542,0.094587,0.053773,0.011644,0.011231,-0.013404,0.070769
gru,10,20d,2017,244,0.178191,0.117260,0.107976,0.044617,0.008567,-0.023268,0.070215
gru,10,20d,2018,243,0.048356,0.082109,0.064087,0.015631,0.021112,-0.014934,-0.015730
gru,10,20d,2019,244,0.179220,0.074009,-0.017085,-0.023787,0.022573,-0.007444,0.196304
gru,10,20d,2020,140,0.069542,0.112004,0.062872,0.007994,-0.020718,-0.003775,0.006670
gru,11,1d,all,871,0.332883,0.190853,0.302790,0.186144,0.103872,-0.086150,0.030094
gru,11,1d,2017,244,0.712368,0.281521,0.343770,0.266850,0.102252,-0.115627,0.368598
gru,11,1d,2018,243,0.367884,0.220862,0.326432,0.207765,0.146304,-0.104791,0.041452
gru,11,1d,2019,244,0.001395,0.305738,0.211174,0.091102,0.046344,-0.043844,-0.209779
gru,11,1d,2020,140,0.181378,-0.217024,0.348041,0.171566,0.132078,-0.075248,-0.166663
gru,11,20d,all,871,0.125317,0.088962,0.077712,0.043796,0.005496,-0.018135,0.047605
gru,11,20d,2017,244,0.270700,0.132927,0.115267,0.075780,-0.004083,-0.028381,0.155434
gru,11,20d,2018,243,0.056720,0.078742,0.061240,0.023208,0.035004,-0.019970,-0.004520
gru,11,20d,2019,244,0.110855,0.070981,0.023783,0.024082,0.011678,-0.012188,0.087072
gru,11,20d,2020,140,0.015794,0.060897,0.133300,0.057581,-0.039622,-0.007288,-0.117506
gru,12,1d,all,871,0.323906,0.312827,0.239850,0.193584,0.106733,-0.086792,0.084056
gru,12,1d,2017,244,0.552232,0.297140,0.373241,0.301490,0.109444,-0.118371,0.178990
gru,12,1d,2018,243,0.301474,0.460132,0.264989,0.267175,0.126823,-0.109497,0.036486
gru,12,1d,2019,244,0.253523,0.258865,0.095458,0.105694,0.048744,-0.045870,0.158065
gru,12,1d,2020,140,0.086062,0.177378,0.212293,0.029084,0.166966,-0.062792,-0.126232
gru,12,20d,all,871,0.168280,0.086480,0.084476,0.047273,0.022097,-0.024488,0.083805
gru,12,20d,2017,244,0.262510,0.169844,0.158309,0.100585,0.042915,-0.047717,0.104202
gru,12,20d,2018,243,0.143803,0.082900,0.062723,0.048966,0.039071,-0.027309,0.081080
gru,12,20d,2019,244,0.115446,-0.012237,0.038881,0.021497,-0.005044,-0.006483,0.076565
gru,12,20d,2020,140,0.137109,0.116629,0.071713,-0.004396,0.002878,-0.009974,0.065395
gru,13,1d,all,871,0.363268,0.270072,0.144248,0.149638,0.076508,-0.067447,0.219020
gru,13,1d,2017,244,0.471012,0.513526,0.279884,0.108317,0.091877,-0.083074,0.191128
gru,13,1d,2018,243,0.586863,0.264341,0.121238,0.201903,0.108275,-0.089581,0.465625
gru,13,1d,2019,244,0.144162,0.253868,0.016312,0.068800,0.036672,-0.030241,0.127849
gru,13,1d,2020,140,0.164565,-0.116394,0.168025,0.270095,0.063159,-0.065839,-0.003460
gru,13,20d,all,871,0.139082,0.144871,0.067797,0.055804,0.013074,-0.023614,0.071285
gru,13,20d,2017,244,0.220763,0.178968,0.121636,0.085769,0.027338,-0.038875,0.099127
gru,13,20d,2018,243,0.173705,0.207789,0.115488,0.091450,0.042898,-0.041994,0.058217
gru,13,20d,2019,244,0.053227,0.065182,-0.000751,0.020102,-0.015356,-0.002011,0.053979
gru,13,20d,2020,140,0.083810,0.112850,0.008698,0.002908,-0.014816,-0.002147,0.075112
gru,14,1d,all,871,0.308027,0.192405,0.176725,0.104431,0.058331,-0.054230,0.131301
gru,14,1d,2017,244,0.204532,0.211623,0.255885,0.232957,0.070114,-0.080919,-0.051353
gru,14,1d,2018,243,0.252582,0.185023,0.343396,0.028795,0.144332,-0.072580,-0.090814
gru,14,1d,2019,244,0.532067,0.197127,0.024904,0.073691,-0.001289,-0.030269,0.507163
gru,14,1d,2020,140,0.198970,0.163595,0.010819,0.064626,-0.008844,-0.017115,0.188151
gru,14,20d,all,871,0.190384,0.110161,0.082353,0.041850,0.016699,-0.023258,0.108031
gru,14,20d,2017,244,0.209632,0.173432,0.132369,0.071541,0.022988,-0.034805,0.077264
gru,14,20d,2018,243,0.186135,0.110823,0.131405,0.070112,0.053340,-0.039988,0.054729
gru,14,20d,2019,244,0.233925,0.099805,0.036069,0.035659,0.005581,-0.016756,0.197856
gru,14,20d,2020,140,0.089572,0.016489,-0.010611,-0.048338,-0.038800,0.014757,0.100183
gru,15,1d,all,871,0.174005,0.329968,0.234415,0.180827,0.111311,-0.083229,-0.060410
gru,15,1d,2017,244,0.311762,0.498655,0.256100,0.236168,0.185485,-0.122871,0.055662
gru,15,1d,2018,243,0.199325,0.465071,0.327148,0.172682,0.093715,-0.087538,-0.127823
gru,15,1d,2019,244,0.174181,0.137281,0.083300,0.169589,0.054343,-0.051647,0.090881
gru,15,1d,2020,140,-0.110338,0.133167,0.295798,0.117861,0.110647,-0.061024,-0.406136
gru,15,20d,all,871,0.086042,0.073351,0.074502,0.041479,0.018243,-0.019517,0.011540
gru,15,20d,2017,244,0.182098,0.126799,0.071711,0.074050,0.028892,-0.032280,0.110387
gru,15,20d,2018,243,0.044539,0.074796,0.086308,0.034379,0.028808,-0.020705,-0.041769
gru,15,20d,2019,244,0.062763,0.049656,0.052241,0.014436,0.016268,-0.011598,0.010522
gru,15,20d,2020,140,0.030576,0.018309,0.097035,0.043392,-0.015270,-0.008784,-0.066460
gru,16,1d,all,871,0.259549,0.289568,0.123575,0.108050,0.116996,-0.068830,0.135974
gru,16,1d,2017,244,0.383706,0.244865,0.264141,0.145920,0.181758,-0.104101,0.119564
gru,16,1d,2018,243,0.324117,0.302553,0.096545,0.185721,0.128064,-0.084569,0.227572
gru,16,1d,2019,244,0.209031,0.265245,0.118253,-0.016033,0.041939,-0.025927,0.090778
gru,16,1d,2020,140,0.018054,0.386808,-0.065337,0.120832,0.114123,-0.053893,0.083390
gru,16,20d,all,871,0.111966,0.062147,0.062460,0.035347,0.020314,-0.019141,0.049506
gru,16,20d,2017,244,0.240132,0.156824,0.164615,0.083821,0.034945,-0.042448,0.075517
gru,16,20d,2018,243,0.073124,0.032931,0.060353,0.059133,0.054498,-0.029673,0.012771
gru,16,20d,2019,244,0.056466,0.031210,0.023295,-0.006225,-0.000121,-0.002432,0.033171
gru,16,20d,2020,140,0.051151,0.000885,-0.044787,-0.019157,-0.029487,0.011118,0.095938
gru,17,1d,all,871,0.395279,0.254671,0.271333,0.224669,0.082053,-0.087893,0.123946
gru,17,1d,2017,244,0.609237,0.364126,0.460800,0.307578,0.140297,-0.137661,0.148437
gru,17,1d,2018,243,0.452825,0.314931,0.217380,0.242751,0.086044,-0.092549,0.235445
gru,17,1d,2019,244,0.323143,0.112169,0.175733,0.190426,-0.020898,-0.043293,0.147411
gru,17,1d,2020,140,0.046675,0.204617,0.199334,0.107735,0.150835,-0.069851,-0.152660
gru,17,20d,all,871,0.155877,0.098999,0.080227,0.056665,0.024918,-0.026554,0.075651
gru,17,20d,2017,244,0.178416,0.161576,0.152969,0.119151,0.051255,-0.050428,0.025448
gru,17,20d,2018,243,0.147367,0.115234,0.054388,0.052849,0.032590,-0.026858,0.092979
gru,17,20d,2019,244,0.164028,0.061472,0.063378,0.010176,0.000922,-0.010560,0.100650
gru,17,20d,2020,140,0.117394,0.026088,0.027179,0.034080,0.006835,-0.011839,0.090215
gru,18,1d,all,871,0.318757,0.177516,0.208810,0.228094,0.051825,-0.072950,0.109947
gru,18,1d,2017,244,0.549935,0.222641,0.294289,0.211972,0.133155,-0.105477,0.255646
gru,18,1d,2018,243,0.378903,0.206576,0.127744,0.303461,0.013944,-0.074073,0.251159
gru,18,1d,2019,244,0.278983,0.154637,0.113372,0.153486,0.020173,-0.044687,0.165611
gru,18,1d,2020,140,-0.120083,0.087812,0.364831,0.253811,0.030315,-0.062966,-0.484914
gru,18,20d,all,871,0.156868,0.075888,0.082000,0.039655,0.016290,-0.020885,0.074867
gru,18,20d,2017,244,0.242295,0.120732,0.100899,0.049620,0.022193,-0.029346,0.141396
gru,18,20d,2018,243,0.129962,0.027409,0.050338,0.055871,0.019387,-0.020779,0.079624
gru,18,20d,2019,244,0.129786,0.046915,0.082116,0.008378,0.009228,-0.012114,0.047670
gru,18,20d,2020,140,0.101107,0.131548,0.103823,0.047758,0.012733,-0.021360,-0.002717
gru,19,1d,all,871,0.271204,0.323143,0.207891,0.141475,0.105180,-0.076055,0.063314
gru,19,1d,2017,244,0.421331,0.415455,0.279238,0.180120,0.081538,-0.087750,0.142093
gru,19,1d,2018,243,0.109769,0.296944,0.250501,0.098593,0.233372,-0.101576,-0.140732
gru,19,1d,2019,244,0.455028,0.302562,0.139525,0.132736,-0.001365,-0.045877,0.315504
gru,19,1d,2020,140,-0.026679,0.243163,0.127272,0.163598,0.107289,-0.063327,-0.153951
gru,19,20d,all,871,0.139909,0.076913,0.084622,0.040404,0.009702,-0.019039,0.055534
gru,19,20d,2017,244,0.233322,0.106256,0.130890,0.076702,0.008844,-0.030751,0.103697
gru,19,20d,2018,243,0.073273,0.021717,0.085766,0.021584,0.049591,-0.023488,-0.012492
gru,19,20d,2019,244,0.169013,0.093835,0.023725,0.029441,-0.007434,-0.010315,0.145288
gru,19,20d,2020,140,0.042872,0.092568,0.106725,0.028603,-0.028665,-0.005860,-0.063853
lstm,0,1d,all,871,0.366536,0.240818,0.189562,0.217757,0.095446,-0.084961,0.176974
lstm,0,1d,2017,244,0.517024,0.434978,0.286271,0.280478,0.106843,-0.114844,0.230753
lstm,0,1d,2018,243,0.564445,0.379531,0.335598,0.207665,0.071645,-0.094366,0.228847
lstm,0,1d,2019,244,0.165057,0.058171,0.039828,0.214381,0.110540,-0.067955,0.125229
lstm,0,1d,2020,140,0.107575,-0.023925,0.025294,0.131770,0.090913,-0.045828,0.082281
lstm,0,20d,all,871,0.129955,0.108332,0.090025,0.039535,0.008390,-0.019419,0.039930
lstm,0,20d,2017,244,0.180562,0.174121,0.118460,0.077192,0.022617,-0.034642,0.062101
lstm,0,20d,2018,243,0.103855,0.108095,0.078135,0.021847,0.023133,-0.019069,0.025719
lstm,0,20d,2019,244,0.187273,0.071642,0.076786,0.005931,0.001681,-0.011440,0.110488
lstm,0,20d,2020,140,-0.011205,0.056981,0.083796,0.062211,-0.030494,-0.007174,-0.095001
lstm,1,1d,all,871,0.314703,0.253047,0.293374,0.129463,0.078984,-0.071396,0.021329
lstm,1,1d,2017,244,0.485828,0.392928,0.355896,0.177577,0.083606,-0.093872,0.129932
lstm,1,1d,2018,243,0.489913,0.423025,0.353677,0.201057,0.076401,-0.095317,0.136236
lstm,1,1d,2019,244,0.261093,0.045961,0.132520,0.031734,0.073542,-0.037465,0.128572
lstm,1,1d,2020,140,-0.195371,0.070708,0.356635,0.089571,0.084779,-0.049113,-0.552006
lstm,1,20d,all,871,0.153091,0.113691,0.090710,0.051293,0.015233,-0.023866,0.062381
lstm,1,20d,2017,244,0.161318,0.203972,0.085202,0.079071,0.025926,-0.034584,0.076116
lstm,1,20d,2018,243,0.130424,0.134061,0.092684,0.043451,0.016042,-0.022990,0.037740
lstm,1,20d,2019,244,0.215097,0.069197,0.102313,0.043230,0.011731,-0.021646,0.112783
lstm,1,20d,2020,140,0.071799,-0.002738,0.076993,0.030314,0.001196,-0.010514,-0.005194
lstm,2,1d,all,871,0.300046,0.293225,0.248470,0.141487,0.052207,-0.064859,0.051576
lstm,2,1d,2017,244,0.610083,0.244825,0.349812,0.194206,0.053631,-0.088380,0.260272
lstm,2,1d,2018,243,0.377341,0.420357,0.360083,0.161695,0.128346,-0.098313,0.017258
lstm,2,1d,2019,244,0.183285,0.396041,0.057239,0.099792,-0.025640,-0.026544,0.126047
lstm,2,1d,2020,140,-0.173470,-0.020074,0.207312,0.086304,0.051576,-0.031756,-0.380782
lstm,2,20d,all,871,0.195742,0.173454,0.111337,0.076373,0.026512,-0.034599,0.084405
lstm,2,20d,2017,244,0.274052,0.183916,0.164590,0.114896,0.042672,-0.051432,0.109463
lstm,2,20d,2018,243,0.201007,0.210951,0.159100,0.119993,0.055959,-0.052300,0.041907
lstm,2,20d,2019,244,0.174901,0.163775,0.077059,0.054194,-0.000833,-0.020328,0.097842
lstm,2,20d,2020,140,0.085846,0.106730,-0.005614,-0.028460,-0.005886,0.001000,0.091460
lstm,3,1d,all,871,0.291207,0.294971,0.295462,0.166964,0.114576,-0.086654,-0.004255
lstm,3,1d,2017,244,0.419605,0.315864,0.436679,0.138289,0.194491,-0.116407,-0.017074
lstm,3,1d,2018,243,0.264157,0.718810,0.335760,0.228160,0.148955,-0.118128,-0.071602
lstm,3,1d,2019,244,0.317861,0.072841,0.063564,0.151831,0.063177,-0.051980,0.254296
lstm,3,1d,2020,140,0.068495,-0.094723,0.378591,0.136773,0.004103,-0.039860,-0.310096
lstm,3,20d,all,871,0.108280,0.092849,0.078191,0.035505,0.018943,-0.020012,0.030089
lstm,3,20d,2017,244,0.176381,0.138956,0.109341,0.069502,0.050838,-0.039159,0.067039
lstm,3,20d,2018,243,0.089876,0.109265,0.070399,0.049690,0.045997,-0.028475,0.019477
lstm,3,20d,2019,244,0.064184,0.047489,0.068787,0.013528,-0.016836,-0.003881,-0.004603
lstm,3,20d,2020,140,0.097129,0.061755,0.053545,-0.010694,-0.022271,0.000393,0.043584
lstm,4,1d,all,871,0.379759,0.250619,0.163804,0.090648,0.056233,-0.054181,0.215955
lstm,4,1d,2017,244,0.564214,0.344028,0.277308,0.148432,0.085287,-0.086166,0.286906
lstm,4,1d,2018,243,0.512959,0.372672,0.290050,0.119736,0.100965,-0.083028,0.222909
lstm,4,1d,2019,244,0.204015,0.112035,0.093564,0.049158,-0.020460,-0.014801,0.110451
lstm,4,1d,2020,140,0.129611,0.114536,-0.132233,0.010872,0.059977,-0.016154,0.261844
lstm,4,20d,all,871,0.140277,0.112548,0.075968,0.044457,0.002527,-0.018716,0.064310
lstm,4,20d,2017,244,0.307746,0.205876,0.126617,0.072296,0.004744,-0.034028,0.181129
lstm,4,20d,2018,243,0.202037,0.184100,0.110492,0.073960,0.040633,-0.038208,0.091545
lstm,4,20d,2019,244,0.010559,0.027067,0.050721,0.010281,-0.011127,-0.002230,-0.040162
lstm,4,20d,2020,140,-0.036420,-0.027764,-0.028951,0.003316,-0.044070,0.013542,-0.007469
lstm,5,1d,all,871,0.393585,0.382559,0.157372,0.116423,0.053287,-0.060760,0.236213
lstm,5,1d,2017,244,0.535491,0.373222,0.354444,0.149926,0.069125,-0.085862,0.181046
lstm,5,1d,2018,243,0.477714,0.396724,0.185938,0.188806,0.095758,-0.086734,0.291776
lstm,5,1d,2019,244,0.257979,0.336508,0.108979,0.024824,-0.009949,-0.022215,0.149000
lstm,5,1d,2020,140,0.233674,0.453522,-0.152376,0.090081,0.060820,-0.038282,0.386050
lstm,5,20d,all,871,0.166892,0.134227,0.073858,0.043431,0.000869,-0.019118,0.093034
lstm,5,20d,2017,244,0.229512,0.232330,0.138125,0.087456,0.023037,-0.039987,0.091387
lstm,5,20d,2018,243,0.133400,0.123895,0.059323,0.058749,0.042427,-0.030190,0.074078
lstm,5,20d,2019,244,0.134113,0.106047,0.056059,0.013362,-0.015554,-0.007018,0.078054
lstm,5,20d,2020,140,0.172078,0.029487,0.017590,-0.008338,-0.081747,0.015728,0.154489
lstm,6,1d,all,871,0.476721,0.269458,0.112754,0.135867,0.085692,-0.069208,0.363967
lstm,6,1d,2017,244,0.627938,0.553362,0.219203,0.171331,0.123762,-0.103676,0.408735
lstm,6,1d,2018,243,0.521773,0.290757,0.035016,0.213578,0.168913,-0.100935,0.486758
lstm,6,1d,2019,244,0.417025,0.000246,0.058642,0.070196,-0.015432,-0.020142,0.358383
lstm,6,1d,2020,140,0.237735,0.201116,0.155310,0.052218,0.048969,-0.038531,0.082425
lstm,6,20d,all,871,0.134552,0.095527,0.091935,0.028936,0.019776,-0.021043,0.042617
lstm,6,20d,2017,244,0.224823,0.187104,0.143938,0.067367,0.046357,-0.042669,0.080885
lstm,6,20d,2018,243,0.135608,0.115266,0.120445,0.078930,0.036983,-0.035091,0.015162
lstm,6,20d,2019,244,0.041487,0.025477,0.060675,-0.007833,0.005877,-0.004810,-0.019188
lstm,6,20d,2020,140,0.134931,0.021743,0.005406,-0.061788,-0.032588,0.013200,0.129524
lstm,7,1d,all,871,0.312516,0.272918,0.326395,0.159641,0.102256,-0.084686,-0.013879
lstm,7,1d,2017,244,0.525079,0.553979,0.320017,0.296743,0.140745,-0.132147,0.205062
lstm,7,1d,2018,243,0.485275,0.069405,0.496662,0.163106,0.123431,-0.099112,-0.011387
lstm,7,1d,2019,244,-0.004698,0.454146,0.274850,0.088785,0.053885,-0.051884,-0.279548
lstm,7,1d,2020,140,0.188252,-0.175660,0.130706,0.036649,0.081685,-0.033394,0.057546
lstm,7,20d,all,871,0.135675,0.125725,0.100416,0.055506,0.012856,-0.024208,0.035259
lstm,7,20d,2017,244,0.244175,0.139158,0.135213,0.094866,0.052786,-0.047207,0.108962
lstm,7,20d,2018,243,0.080214,0.099245,0.104301,0.074568,0.033381,-0.029956,-0.024087
lstm,7,20d,2019,244,0.104739,0.133910,0.076688,0.009875,-0.015632,-0.007201,0.028051
lstm,7,20d,2020,140,0.095874,0.134240,0.073705,0.032048,-0.043526,-0.003307,0.022170
lstm,8,1d,all,871,0.483692,0.321372,0.184247,0.128177,0.109798,-0.080187,0.299444
lstm,8,1d,2017,244,0.457530,0.457305,0.327410,0.158718,0.131631,-0.104507,0.130120
lstm,8,1d,2018,243,0.557138,0.236231,0.286771,0.214121,0.159503,-0.112124,0.270368
lstm,8,1d,2019,244,0.439469,0.208545,0.172445,0.037240,0.040539,-0.040642,0.267023
lstm,8,1d,2020,140,0.477933,0.426465,-0.222898,0.082314,0.104695,-0.050443,0.700831
lstm,8,20d,all,871,0.227886,0.176846,0.083524,0.058442,0.008644,-0.026550,0.144362
lstm,8,20d,2017,244,0.277513,0.188693,0.116104,0.085712,0.019356,-0.037954,0.161409
lstm,8,20d,2018,243,0.223019,0.212291,0.127360,0.109343,0.040816,-0.045917,0.095659
lstm,8,20d,2019,244,0.228601,0.239308,0.048754,0.005448,-0.017778,-0.010339,0.179847
lstm,8,20d,2020,140,0.148612,-0.012403,0.010261,0.013415,-0.020574,-0.000845,0.138351
lstm,9,1d,all,871,0.367023,0.284188,0.216210,0.142981,0.073255,-0.070190,0.150813
lstm,9,1d,2017,244,0.633485,0.550178,0.297755,0.098568,0.124967,-0.097042,0.335730
lstm,9,1d,2018,243,0.572398,0.462704,0.253381,0.292983,0.112348,-0.115778,0.319017
lstm,9,1d,2019,244,0.175619,-0.008778,0.212650,0.075198,-0.005315,-0.024936,-0.037031
lstm,9,1d,2020,140,-0.124370,0.015072,0.015698,0.076712,0.050530,-0.022163,-0.140068
lstm,9,20d,all,871,0.113011,0.120376,0.050811,0.030756,0.007098,-0.016073,0.062200
lstm,9,20d,2017,244,0.226494,0.179908,0.116107,0.085904,0.031046,-0.039831,0.110387
lstm,9,20d,2018,243,0.114686,0.167434,0.067730,0.060600,0.041449,-0.031520,0.046956
lstm,9,20d,2019,244,0.032573,0.015694,-0.006358,-0.010943,-0.027849,0.007882,0.038931
lstm,9,20d,2020,140,0.050210,0.114398,0.005645,-0.045673,-0.034353,0.011079,0.044565
lstm,10,1d,all,871,0.330145,0.206707,0.201145,0.204620,0.070686,-0.074834,0.129000
lstm,10,1d,2017,244,0.311252,0.314919,0.400969,0.198321,0.127695,-0.103451,-0.089717
lstm,10,1d,2018,243,0.441395,0.034195,0.225882,0.297516,0.074169,-0.090070,0.215514
lstm,10,1d,2019,244,0.439476,0.255922,0.038798,0.192004,-0.001670,-0.048362,0.400678
lstm,10,1d,2020,140,-0.018230,0.232818,0.089413,0.076073,0.089839,-0.044086,-0.107643
lstm,10,20d,all,871,0.141715,0.155509,0.099420,0.057571,0.008808,-0.024461,0.042295
lstm,10,20d,2017,244,0.218766,0.200218,0.157039,0.103945,0.032294,-0.045200,0.061727
lstm,10,20d,2018,243,0.097837,0.141479,0.076721,0.052734,0.038950,-0.028631,0.021116
lstm,10,20d,2019,244,0.143504,0.118520,0.057466,0.037190,-0.017153,-0.010641,0.086038
lstm,10,20d,2020,140,0.080519,0.165349,0.110320,0.020080,-0.039939,-0.004770,-0.029800
lstm,11,1d,all,871,0.286062,0.345366,0.243492,0.206530,0.112098,-0.090237,0.042569
lstm,11,1d,2017,244,0.588983,0.474856,0.320806,0.275935,0.117469,-0.120661,0.268177
lstm,11,1d,2018,243,0.343762,0.216347,0.242657,0.252318,0.099825,-0.092763,0.101105
lstm,11,1d,2019,244,0.212051,0.128204,0.307580,0.143292,0.059608,-0.060832,-0.095529
lstm,11,1d,2020,140,-0.214635,0.717450,-0.000127,0.114951,0.214398,-0.083450,-0.214509
lstm,11,20d,all,871,0.166328,0.159770,0.103020,0.087774,0.025576,-0.034005,0.063308
lstm,11,20d,2017,244,0.194796,0.222205,0.157849,0.128724,0.037806,-0.050576,0.036947
lstm,11,20d,2018,243,0.195793,0.151642,0.086435,0.103263,0.036961,-0.038337,0.109358
lstm,11,20d,2019,244,0.138462,0.151582,0.101713,0.060535,0.012240,-0.024425,0.036749
lstm,11,20d,2020,140,0.113341,0.079098,0.038487,0.036215,0.007362,-0.014025,0.074854
lstm,12,1d,all,871,0.444515,0.260447,0.207858,0.152056,0.090116,-0.076531,0.236657
lstm,12,1d,2017,244,0.589639,0.385109,0.306961,0.210626,0.108455,-0.105135,0.282678
lstm,12,1d,2018,243,0.646635,0.283389,0.252031,0.241333,0.120816,-0.106850,0.394604
lstm,12,1d,2019,244,0.261754,0.143014,0.130389,0.063532,0.066632,-0.042960,0.131365
lstm,12,1d,2020,140,0.155370,0.205509,0.091818,0.047404,0.045295,-0.031841,0.063552
lstm,12,20d,all,871,0.174755,0.123326,0.085676,0.045396,0.023579,-0.025983,0.089080
lstm,12,20d,2017,244,0.242363,0.190542,0.167551,0.101087,0.044474,-0.049102,0.074812
lstm,12,20d,2018,243,0.143445,0.165456,0.097259,0.061023,0.057846,-0.038064,0.046187
lstm,12,20d,2019,244,0.169659,0.052583,0.056672,0.011878,-0.006573,-0.008498,0.112986
lstm,12,20d,2020,140,0.120006,0.054328,-0.027406,-0.021332,-0.020628,0.005305,0.147412
lstm,13,1d,all,871,0.354608,0.381588,0.179281,0.132050,0.066609,-0.066691,0.175327
lstm,13,1d,2017,244,0.570335,0.670533,0.320150,0.188244,0.057217,-0.096003,0.250185
lstm,13,1d,2018,243,0.441478,0.408414,0.153531,0.165432,0.087350,-0.078561,0.287947
lstm,13,1d,2019,244,0.386297,0.260696,-0.013766,0.065272,0.045172,-0.037306,0.400063
lstm,13,1d,2020,140,-0.226705,0.039543,0.310778,0.091120,0.083882,-0.045588,-0.537484
lstm,13,20d,all,871,0.163508,0.118540,0.090192,0.068185,0.027432,-0.029874,0.073316
lstm,13,20d,2017,244,0.279557,0.219634,0.191635,0.119974,0.053694,-0.057174,0.087923
lstm,13,20d,2018,243,0.136638,0.139396,0.070684,0.069544,0.030230,-0.029099,0.065954
lstm,13,20d,2019,244,0.156147,0.078243,0.025883,0.044658,0.010600,-0.016467,0.130265
lstm,13,20d,2020,140,0.020504,-0.024773,0.057495,0.015895,0.005657,-0.006620,-0.036991
lstm,14,1d,all,871,0.403367,0.378854,0.176728,0.124094,0.093781,-0.073920,0.226639
lstm,14,1d,2017,244,0.564351,0.469013,0.339155,0.086927,0.122095,-0.093358,0.225197
lstm,14,1d,2018,243,0.428743,0.641387,0.193974,0.252784,0.119561,-0.109562,0.234768
lstm,14,1d,2019,244,0.317386,0.112367,0.048074,0.060406,0.030095,-0.029676,0.269313
lstm,14,1d,2020,140,0.226759,0.224771,0.085176,0.075138,0.109315,-0.054342,0.141582
lstm,14,20d,all,871,0.130736,0.087012,0.057184,0.041608,0.017539,-0.020277,0.073552
lstm,14,20d,2017,244,0.207421,0.163797,0.121311,0.078970,0.041675,-0.040756,0.086110
lstm,14,20d,2018,243,0.159213,0.117541,0.060854,0.078400,0.055875,-0.037426,0.098360
lstm,14,20d,2019,244,0.086650,0.026341,0.023370,0.012715,-0.017486,-0.001408,0.063280
lstm,14,20d,2020,140,0.023232,0.004204,-0.002982,-0.037838,-0.031028,0.012836,0.026215
lstm,15,1d,all,871,0.327731,0.245299,0.277459,0.130148,0.108096,-0.077835,0.050272
lstm,15,1d,2017,244,0.446034,0.396534,0.341999,0.171782,0.102630,-0.095196,0.104035
lstm,15,1d,2018,243,0.572285,0.175729,0.380190,0.206325,0.138389,-0.107733,0.192095
lstm,15,1d,2019,244,0.195146,0.267690,0.117826,0.092716,0.093627,-0.055376,0.077320
lstm,15,1d,2020,140,-0.074695,0.063930,0.261456,-0.010200,0.089947,-0.034345,-0.336151
lstm,15,20d,all,871,0.136637,0.106859,0.084574,0.043396,0.022129,-0.023614,0.052063
lstm,15,20d,2017,244,0.240087,0.160122,0.163281,0.083004,0.044948,-0.044962,0.076806
lstm,15,20d,2018,243,0.151821,0.095970,0.063149,0.070886,0.042878,-0.032149,0.088672
lstm,15,20d,2019,244,0.026557,0.114388,0.026777,0.009568,0.011389,-0.009043,-0.000219
lstm,15,20d,2020,140,0.118689,0.020022,0.083666,-0.015359,-0.035246,0.003429,0.035022
lstm,16,1d,all,871,0.264561,0.257077,0.164271,0.147376,0.069622,-0.062577,0.100290
lstm,16,1d,2017,244,0.354702,0.279078,0.181365,0.201490,0.087970,-0.081002,0.173337
lstm,16,1d,2018,243,0.574524,0.252672,0.258249,0.205169,0.066555,-0.083696,0.316275
lstm,16,1d,2019,244,-0.015771,0.248956,0.029517,0.115818,0.008813,-0.026641,-0.045287
lstm,16,1d,2020,140,0.052020,0.240355,0.203329,0.007074,0.147645,-0.055669,-0.151309
lstm,16,20d,all,871,0.118534,0.119825,0.053415,0.035996,0.016988,-0.019059,0.065119
lstm,16,20d,2017,244,0.136431,0.161447,0.085475,0.069914,0.038416,-0.033659,0.050956
lstm,16,20d,2018,243,0.080848,0.104119,0.087019,0.054898,0.022278,-0.023710,-0.006171
lstm,16,20d,2019,244,0.083902,0.100089,0.009526,0.002826,0.013048,-0.008636,0.074376
lstm,16,20d,2020,140,0.212122,0.108379,0.014448,0.000939,-0.022789,-0.003408,0.197674
lstm,17,1d,all,871,0.207112,0.266496,0.225846,0.180560,0.093947,-0.076753,-0.018735
lstm,17,1d,2017,244,0.267000,0.505739,0.260121,0.178933,0.129605,-0.097593,0.006879
lstm,17,1d,2018,243,0.424166,0.123564,0.204175,0.206330,0.141644,-0.094387,0.219991
lstm,17,1d,2019,244,0.011647,0.026670,0.201319,0.187061,0.037278,-0.048968,-0.189672
lstm,17,1d,2020,140,0.062468,0.510460,0.245947,0.127477,0.046565,-0.057657,-0.183479
lstm,17,20d,all,871,0.103962,0.064866,0.091620,0.048978,0.013225,-0.020645,0.012342
lstm,17,20d,2017,244,0.090006,0.111002,0.139438,0.099765,0.038407,-0.039477,-0.049432
lstm,17,20d,2018,243,0.139011,0.058189,0.109870,0.065845,0.039658,-0.031442,0.029141
lstm,17,20d,2019,244,0.124425,0.015706,0.048617,0.032949,-0.011490,-0.008036,0.075808
lstm,17,20d,2020,140,0.032368,0.080322,0.050321,-0.041336,-0.034173,0.009301,-0.017953
lstm,18,1d,all,871,0.345767,0.343622,0.315775,0.164507,0.048083,-0.073232,0.029992
lstm,18,1d,2017,244,0.631079,0.420473,0.357074,0.171357,0.095648,-0.101472,0.274004
lstm,18,1d,2018,243,0.658729,0.219683,0.393151,0.198724,0.029331,-0.082950,0.265577
lstm,18,1d,2019,244,0.011770,0.320575,0.247166,0.106092,0.022855,-0.043001,-0.235397
lstm,18,1d,2020,140,-0.119750,0.464478,0.227596,0.193733,0.041160,-0.059182,-0.347346
lstm,18,20d,all,871,0.103695,0.105572,0.067537,0.040494,0.008856,-0.017939,0.036158
lstm,18,20d,2017,244,0.132010,0.124827,0.083666,0.071806,0.036860,-0.033432,0.048344
lstm,18,20d,2018,243,0.055771,0.126047,0.058727,0.051755,0.028126,-0.023189,-0.002957
lstm,18,20d,2019,244,0.117248,0.099832,0.040819,0.022650,-0.011145,-0.007933,0.076429
lstm,18,20d,2020,140,0.114293,0.046456,0.100518,-0.003036,-0.039107,0.001025,0.013775
lstm,19,1d,all,871,0.353452,0.231190,0.139814,0.145892,0.072831,-0.064923,0.213638
lstm,19,1d,2017,244,0.270211,0.560804,0.344992,0.212659,0.129603,-0.109290,-0.074781
lstm,19,1d,2018,243,0.560841,0.127526,0.126947,0.171834,0.032450,-0.061407,0.433894
lstm,19,1d,2019,244,0.326619,0.137932,0.033564,0.077049,0.062583,-0.040759,0.293055
lstm,19,1d,2020,140,0.184755,-0.002812,-0.012548,0.103012,0.061619,-0.035296,0.197303
lstm,19,20d,all,871,0.059411,0.078415,0.070474,0.036977,0.007346,-0.015215,-0.011063
lstm,19,20d,2017,244,0.077208,0.128981,0.153459,0.099828,0.011626,-0.033031,-0.076251
lstm,19,20d,2018,243,-0.032061,0.032473,0.004860,0.032122,0.036857,-0.015141,-0.036922
lstm,19,20d,2019,244,0.172700,0.055014,0.062573,0.008456,0.003285,-0.010718,0.110127
lstm,19,20d,2020,140,-0.007045,0.110142,0.053275,-0.015241,-0.044371,0.007995,-0.060320
alstm,0,1d,all,871,0.577130,0.386839,0.227544,0.186019,0.108232,-0.094164,0.349586
alstm,0,1d,2017,244,0.817751,0.534574,0.378838,0.237310,0.106019,-0.122506,0.438913
alstm,0,1d,2018,243,0.681295,0.365206,0.200939,0.239858,0.160212,-0.117414,0.480357
alstm,0,1d,2019,244,0.333729,0.262605,0.153265,0.148335,0.045670,-0.056740,0.180464
alstm,0,1d,2020,140,0.395961,0.380770,0.137907,0.068047,0.129564,-0.068834,0.258054
alstm,0,20d,all,871,0.194945,0.172134,0.101132,0.063568,0.018720,-0.029796,0.093813
alstm,0,20d,2017,244,0.311201,0.224959,0.112125,0.117445,0.035965,-0.048997,0.199077
alstm,0,20d,2018,243,0.149052,0.149957,0.124906,0.065244,0.046314,-0.036579,0.024146
alstm,0,20d,2019,244,0.143625,0.128914,0.115628,0.049391,0.008280,-0.022031,0.027997
alstm,0,20d,2020,140,0.159963,0.192650,0.015861,-0.008940,-0.041338,0.002131,0.144102
alstm,1,1d,all,871,0.437328,0.430843,0.355426,0.227401,0.146793,-0.114101,0.081902
alstm,1,1d,2017,244,0.613776,0.760921,0.362214,0.287139,0.186297,-0.150223,0.251561
alstm,1,1d,2018,243,0.551177,0.196028,0.445111,0.238278,0.204765,-0.132956,0.106066
alstm,1,1d,2019,244,0.383217,0.265842,0.422832,0.228570,0.059680,-0.086801,-0.039615
alstm,1,1d,2020,140,0.025341,0.547170,0.071892,0.102396,0.127282,-0.065416,-0.046551
alstm,1,20d,all,871,0.169738,0.148073,0.097460,0.076200,0.018559,-0.030032,0.072278
alstm,1,20d,2017,244,0.218900,0.158713,0.147087,0.112769,0.042132,-0.047111,0.071812
alstm,1,20d,2018,243,0.165443,0.088257,0.083898,0.065180,0.034543,-0.030055,0.081545
alstm,1,20d,2019,244,0.149251,0.168209,0.068500,0.052355,0.000207,-0.019254,0.080751
alstm,1,20d,2020,140,0.126629,0.198833,0.084149,0.072468,-0.018812,-0.018700,0.042481
alstm,2,1d,all,871,0.448145,0.400865,0.279578,0.209008,0.151879,-0.108220,0.168567
alstm,2,1d,2017,244,0.852873,0.728032,0.525418,0.284843,0.142874,-0.153122,0.327455
alstm,2,1d,2018,243,0.183772,0.368485,0.271648,0.166699,0.154537,-0.094988,-0.087877
alstm,2,1d,2019,244,0.423980,0.407666,0.140402,0.168474,0.149319,-0.090567,0.283578
alstm,2,1d,2020,140,0.243236,-0.124848,0.104456,0.220054,0.167368,-0.083319,0.138780
alstm,2,20d,all,871,0.188442,0.166553,0.125939,0.080979,0.036604,-0.037851,0.062503
alstm,2,20d,2017,244,0.260878,0.252671,0.235622,0.138588,0.046013,-0.060725,0.025256
alstm,2,20d,2018,243,0.043091,0.088107,0.069609,0.052671,0.039730,-0.025721,-0.026518
alstm,2,20d,2019,244,0.234048,0.195375,0.093994,0.066576,0.022009,-0.030874,0.140054
alstm,2,20d,2020,140,0.236305,0.103211,0.087313,0.054402,0.039802,-0.030998,0.148992
alstm,3,1d,all,871,0.234198,0.420673,0.278555,0.217015,0.065443,-0.083146,-0.044356
alstm,3,1d,2017,244,0.608987,0.526343,0.517394,0.277813,0.053162,-0.117159,0.091593
alstm,3,1d,2018,243,0.162359,0.293176,0.288425,0.241155,0.110208,-0.095373,-0.126066
alstm,3,1d,2019,244,0.033978,0.553530,0.077415,0.113701,0.064371,-0.051872,-0.043437
alstm,3,1d,2020,140,0.050352,0.229103,0.191407,0.247002,0.010994,-0.056483,-0.141055
alstm,3,20d,all,871,0.093053,0.100385,0.090456,0.044489,0.010791,-0.019725,0.002596
alstm,3,20d,2017,244,0.240472,0.177718,0.147850,0.070044,0.018092,-0.035285,0.092622
alstm,3,20d,2018,243,0.014171,-0.005518,0.060384,0.048698,0.033216,-0.019932,-0.046213
alstm,3,20d,2019,244,0.033109,0.139037,0.069793,0.032431,0.000628,-0.012830,-0.036684
alstm,3,20d,2020,140,0.075798,0.083161,0.078049,0.013315,-0.023434,-0.004066,-0.002251
alstm,4,1d,all,871,0.198242,0.188828,0.237479,0.128405,0.093455,-0.067729,-0.039237
alstm,4,1d,2017,244,0.393653,0.396813,0.416873,0.166169,0.093771,-0.096895,-0.023220
alstm,4,1d,2018,243,0.075281,0.104843,0.129380,0.106280,0.130323,-0.063984,-0.054099
alstm,4,1d,2019,244,0.155692,0.159455,0.148284,0.143299,0.047242,-0.048636,0.007408
alstm,4,1d,2020,140,0.144342,0.022678,0.265994,0.075349,0.108462,-0.056267,-0.121652
alstm,4,20d,all,871,0.114080,0.070329,0.070829,0.031868,0.013870,-0.017596,0.043251
alstm,4,20d,2017,244,0.270469,0.206766,0.163872,0.079282,0.012021,-0.038027,0.106597
alstm,4,20d,2018,243,0.069063,0.007609,0.038043,0.041951,0.038530,-0.021037,0.031020
alstm,4,20d,2019,244,0.042112,0.002133,0.043825,0.009594,0.004301,-0.005761,-0.001713
alstm,4,20d,2020,140,0.043030,0.058310,0.011869,-0.030084,-0.009306,0.003697,0.031160
alstm,5,1d,all,871,0.423124,0.347194,0.290846,0.202557,0.096077,-0.092037,0.132278
alstm,5,1d,2017,244,0.836107,0.611522,0.390418,0.353152,0.142407,-0.153082,0.445689
alstm,5,1d,2018,243,0.276372,0.399418,0.255721,0.190573,0.143896,-0.098351,0.020651
alstm,5,1d,2019,244,0.203723,0.202220,0.246911,0.134474,0.060355,-0.058190,-0.043188
alstm,5,1d,2020,140,0.335757,0.045424,0.253907,0.078093,-0.006175,-0.032951,0.081851
alstm,5,20d,all,871,0.144023,0.126458,0.109094,0.052164,0.019419,-0.026003,0.034930
alstm,5,20d,2017,244,0.252552,0.244559,0.160182,0.081610,0.028084,-0.042652,0.092369
alstm,5,20d,2018,243,0.128057,0.086957,0.076407,0.062356,0.048812,-0.031572,0.051650
alstm,5,20d,2019,244,0.074687,0.116683,0.113520,0.036912,-0.006323,-0.014513,-0.038834
alstm,5,20d,2020,140,0.101451,0.005948,0.069202,0.009299,-0.002572,-0.007019,0.032250
alstm,6,1d,all,871,0.462792,0.235424,0.284126,0.210709,0.112221,-0.094862,0.178666
alstm,6,1d,2017,244,0.687236,0.412082,0.390135,0.265976,0.141442,-0.130391,0.297101
alstm,6,1d,2018,243,0.326605,0.192722,0.318828,0.171024,0.161092,-0.098634,0.007777
alstm,6,1d,2019,244,0.411406,0.081178,0.134552,0.212695,0.033908,-0.059963,0.276854
alstm,6,1d,2020,140,0.396459,0.267176,0.296618,0.179847,0.111280,-0.086473,0.099840
alstm,6,20d,all,871,0.142991,0.125943,0.096343,0.052218,0.022689,-0.026167,0.046648
alstm,6,20d,2017,244,0.259938,0.199058,0.148747,0.083414,0.031101,-0.041996,0.111191
alstm,6,20d,2018,243,0.050015,0.105273,0.082526,0.044459,0.037793,-0.025154,-0.032511
alstm,6,20d,2019,244,0.152330,0.092538,0.075089,0.040888,0.010579,-0.018676,0.077240
alstm,6,20d,2020,140,0.084542,0.091657,0.065427,0.030740,0.002571,-0.013182,0.019115
alstm,7,1d,all,871,0.104664,0.175539,0.189591,0.110210,0.030350,-0.042637,-0.084928
alstm,7,1d,2017,244,0.262875,0.224080,0.224455,0.130617,0.044434,-0.058584,0.038420
alstm,7,1d,2018,243,0.188999,0.041627,0.156219,0.077736,0.043088,-0.038372,0.032780
alstm,7,1d,2019,244,-0.026261,0.206636,0.240767,0.095853,0.027476,-0.038206,-0.267028
alstm,7,1d,2020,140,-0.092081,0.269839,0.098658,0.155723,-0.011361,-0.029872,-0.190739
alstm,7,20d,all,871,0.060377,0.063053,0.036070,0.013759,-0.000988,-0.007125,0.024307
alstm,7,20d,2017,244,0.124928,0.051062,0.063597,0.035842,-0.000129,-0.013964,0.061330
alstm,7,20d,2018,243,-0.040992,0.063754,0.040312,0.002928,0.036252,-0.012547,-0.081305
alstm,7,20d,2019,244,0.105431,0.056683,0.003907,-0.000043,-0.006239,-0.002626,0.101525
alstm,7,20d,2020,140,0.046589,0.093659,0.035867,0.017731,-0.058120,0.006495,0.010722
alstm,8,1d,all,871,0.391659,0.385360,0.350989,0.249062,0.105073,-0.104685,0.040670
alstm,8,1d,2017,244,0.635380,0.743510,0.399712,0.361104,0.120375,-0.147105,0.235667
alstm,8,1d,2018,243,0.333709,0.328532,0.655341,0.193673,0.100872,-0.108795,-0.321631
alstm,8,1d,2019,244,0.253293,0.179492,0.324705,0.215693,0.075754,-0.079109,-0.071411
alstm,8,1d,2020,140,0.305659,0.214183,-0.216950,0.207372,0.136167,-0.067643,0.522609
alstm,8,20d,all,871,0.108362,0.127678,0.098370,0.078591,0.013777,-0.026866,0.009992
alstm,8,20d,2017,244,0.159373,0.217182,0.147843,0.102949,0.038147,-0.044281,0.011530
alstm,8,20d,2018,243,-0.018565,0.064187,0.082245,0.052424,0.027874,-0.020505,-0.100810
alstm,8,20d,2019,244,0.145386,0.122892,0.096376,0.083753,-0.003172,-0.023195,0.049010
alstm,8,20d,2020,140,0.176297,0.090095,0.043549,0.072706,-0.024111,-0.013848,0.132747
alstm,9,1d,all,871,0.477494,0.469800,0.301330,0.291007,0.095510,-0.111105,0.176163
alstm,9,1d,2017,244,0.897142,0.530841,0.404715,0.399903,0.113079,-0.154742,0.492427
alstm,9,1d,2018,243,0.520280,0.620981,0.334476,0.235816,0.080626,-0.106678,0.185804
alstm,9,1d,2019,244,0.206857,0.401882,0.229992,0.224196,0.095217,-0.084682,-0.023135
alstm,9,1d,2020,140,0.137724,0.217924,0.186418,0.312026,0.091228,-0.088224,-0.048694
alstm,9,20d,all,871,0.159821,0.143335,0.106629,0.067128,0.002768,-0.024820,0.053192
alstm,9,20d,2017,244,0.222597,0.215955,0.179562,0.098992,0.018650,-0.042418,0.043036
alstm,9,20d,2018,243,0.082329,0.084860,0.078238,0.041999,0.024640,-0.021596,0.004092
alstm,9,20d,2019,244,0.150022,0.107634,0.093881,0.076935,-0.008359,-0.020567,0.056141
alstm,9,20d,2020,140,0.201713,0.179466,0.050650,0.038397,-0.043801,-0.007038,0.151064
alstm,10,1d,all,871,0.431670,0.241322,0.215702,0.211655,0.132943,-0.097128,0.215969
alstm,10,1d,2017,244,0.820976,0.511291,0.322700,0.333165,0.115317,-0.137805,0.498277
alstm,10,1d,2018,243,0.359187,0.388608,0.390328,0.199373,0.158716,-0.113606,-0.031141
alstm,10,1d,2019,244,0.012652,0.275335,0.152597,0.135209,0.090190,-0.058193,-0.139946
alstm,10,1d,2020,140,0.600287,-0.543394,-0.165253,0.152797,0.192524,-0.064655,0.765540
alstm,10,20d,all,871,0.120548,0.104817,0.081817,0.044969,0.015787,-0.021510,0.038731
alstm,10,20d,2017,244,0.225834,0.169458,0.159228,0.092915,0.036713,-0.044195,0.066607
alstm,10,20d,2018,243,0.028902,0.062247,0.018541,0.043751,0.026723,-0.017031,0.010361
alstm,10,20d,2019,244,0.063577,0.089517,0.060447,0.011293,0.009328,-0.010908,0.003130
alstm,10,20d,2020,140,0.193785,0.092271,0.093364,0.021251,-0.028594,-0.007923,0.100421
alstm,11,1d,all,871,0.182372,0.372123,0.204051,0.151806,0.042536,-0.059743,-0.021679
alstm,11,1d,2017,244,0.520968,0.487512,0.348926,0.197642,0.036374,-0.086878,0.172042
alstm,11,1d,2018,243,0.004850,0.288702,0.159657,0.145034,0.040467,-0.049435,-0.154807
alstm,11,1d,2019,244,0.043353,0.377669,0.150344,0.110184,0.037203,-0.044289,-0.106991
alstm,11,1d,2020,140,0.139691,0.306264,0.121063,0.155322,0.066047,-0.056947,0.018627
alstm,11,20d,all,871,0.150195,0.124732,0.074365,0.062412,0.009200,-0.023334,0.075830
alstm,11,20d,2017,244,0.275237,0.211373,0.173481,0.118179,0.021335,-0.046487,0.101756
alstm,11,20d,2018,243,0.033616,0.076264,0.032756,0.040751,0.013691,-0.015047,0.000860
alstm,11,20d,2019,244,0.127616,0.077173,0.032546,0.051538,0.005725,-0.015978,0.095069
alstm,11,20d,2020,140,0.173322,0.139388,0.045531,0.021455,-0.013785,-0.009977,0.127791
alstm,12,1d,all,871,0.452611,0.330399,0.348339,0.247780,0.081201,-0.099281,0.104272
alstm,12,1d,2017,244,0.875668,0.476797,0.398042,0.351521,0.114972,-0.145665,0.477626
alstm,12,1d,2018,243,0.347599,0.468607,0.346988,0.293214,0.080131,-0.107665,0.000611
alstm,12,1d,2019,244,0.425292,0.191154,0.302290,0.082667,0.022651,-0.049235,0.123002
alstm,12,1d,2020,140,-0.055420,0.075061,0.343328,0.272344,0.124987,-0.090042,-0.398748
alstm,12,20d,all,871,0.127066,0.117868,0.082320,0.046401,0.010689,-0.021010,0.044746
alstm,12,20d,2017,244,0.248024,0.189347,0.166779,0.088161,0.022520,-0.041105,0.081245
alstm,12,20d,2018,243,0.065931,0.055782,0.033221,0.040600,0.036384,-0.020882,0.032711
alstm,12,20d,2019,244,0.095681,0.137376,0.056743,0.032556,-0.008716,-0.011375,0.038938
alstm,12,20d,2020,140,0.076171,0.067611,0.064191,0.007423,-0.021265,-0.002725,0.011980
alstm,13,1d,all,871,0.429585,0.306845,0.264841,0.206689,0.096206,-0.090860,0.164745
alstm,13,1d,2017,244,0.584936,0.346215,0.437986,0.241139,0.104030,-0.115331,0.146950
alstm,13,1d,2018,243,0.475801,0.568781,0.284709,0.260944,0.120525,-0.115512,0.191092
alstm,13,1d,2019,244,0.404402,0.124918,0.066810,0.135601,0.063737,-0.053449,0.337593
alstm,13,1d,2020,140,0.121966,0.096756,0.269486,0.174851,0.096252,-0.069824,-0.147520
alstm,13,20d,all,871,0.129436,0.070868,0.088110,0.045827,0.021722,-0.022764,0.041326
alstm,13,20d,2017,244,0.157401,0.168824,0.132354,0.085565,0.029413,-0.037506,0.025047
alstm,13,20d,2018,243,0.127850,0.084202,0.079931,0.053383,0.037147,-0.027687,0.047920
alstm,13,20d,2019,244,0.123188,-0.018418,0.055215,0.018518,0.002734,-0.008738,0.067973
alstm,13,20d,2020,140,0.094164,0.030065,0.081591,0.010271,0.014095,-0.012568,0.012573
alstm,14,1d,all,871,0.301843,0.187039,0.268406,0.150627,0.078973,-0.071406,0.033437
alstm,14,1d,2017,244,0.573740,0.492924,0.294994,0.246338,0.111633,-0.114443,0.278746
alstm,14,1d,2018,243,0.193281,0.154694,0.308734,0.130477,0.107599,-0.073777,-0.115452
alstm,14,1d,2019,244,0.295862,0.064499,0.199834,0.087698,0.044562,-0.044072,0.096028
alstm,14,1d,2020,140,0.026694,-0.078991,0.270113,0.127122,0.031597,-0.039336,-0.243419
alstm,14,20d,all,871,0.082234,0.047719,0.071083,0.037279,0.030377,-0.021151,0.011151
alstm,14,20d,2017,244,0.101411,0.082529,0.136539,0.097524,0.056041,-0.043476,-0.035128
alstm,14,20d,2018,243,0.087227,0.128065,0.052064,0.033094,0.062882,-0.029433,0.035163
alstm,14,20d,2019,244,0.056148,-0.012640,0.039927,-0.001574,0.001528,-0.003216,0.016221
alstm,14,20d,2020,140,0.084863,-0.048934,0.043421,0.006147,-0.021313,0.001385,0.041442
alstm,15,1d,all,871,0.209935,0.250198,0.132398,0.122503,0.058869,-0.054373,0.077537
alstm,15,1d,2017,244,0.483159,0.330088,0.206633,0.213068,0.124028,-0.100922,0.276527
alstm,15,1d,2018,243,0.029561,0.271091,0.091447,0.046786,0.067735,-0.039399,-0.061886
alstm,15,1d,2019,244,0.096529,0.259392,0.091493,0.090304,0.006628,-0.029092,0.005037
alstm,15,1d,2020,140,0.242041,0.058873,0.144515,0.151510,0.019845,-0.042753,0.097527
alstm,15,20d,all,871,0.106884,0.051724,0.059433,0.014623,0.003634,-0.010495,0.047451
alstm,15,20d,2017,244,0.161486,0.125749,0.084106,0.035836,0.019458,-0.023111,0.077380
alstm,15,20d,2018,243,0.035209,0.014524,0.034332,0.004283,0.013027,-0.006986,0.000877
alstm,15,20d,2019,244,0.132262,0.048924,0.072595,0.008142,0.002322,-0.009932,0.059667
alstm,15,20d,2020,140,0.092624,-0.007392,0.037436,0.006707,-0.038000,0.004440,0.055188
alstm,16,1d,all,871,0.343402,0.227987,0.250091,0.193224,0.077221,-0.078592,0.093311
alstm,16,1d,2017,244,0.437935,0.371885,0.304825,0.240944,0.138782,-0.114237,0.133111
alstm,16,1d,2018,243,0.176464,0.193998,0.028582,0.146968,0.116749,-0.066415,0.147882
alstm,16,1d,2019,244,0.379393,0.061110,0.368838,0.134829,-0.004154,-0.048757,0.010555
alstm,16,1d,2020,140,0.406444,0.323452,0.334762,0.290864,0.041403,-0.088963,0.071683
alstm,16,20d,all,871,0.178081,0.086633,0.080456,0.050953,0.017511,-0.023616,0.097625
alstm,16,20d,2017,244,0.213198,0.150680,0.100112,0.077925,0.028636,-0.035276,0.113085
alstm,16,20d,2018,243,0.089360,-0.001393,0.034673,0.035260,0.024117,-0.016280,0.054687
alstm,16,20d,2019,244,0.231371,0.034992,0.121180,0.039973,0.016886,-0.022841,0.110191
alstm,16,20d,2020,140,0.179517,0.216320,0.055853,0.050004,-0.012275,-0.017354,0.123663
alstm,17,1d,all,871,0.416158,0.367110,0.227689,0.119739,0.131588,-0.085518,0.188469
alstm,17,1d,2017,244,0.492358,0.513830,0.284301,0.180122,0.116485,-0.102895,0.208057
alstm,17,1d,2018,243,0.456133,0.336342,0.266676,0.068656,0.195746,-0.098062,0.189457
alstm,17,1d,2019,244,0.417534,0.257075,0.225528,0.042168,0.073637,-0.052986,0.192006
alstm,17,1d,2020,140,0.211598,0.354221,0.065072,0.236695,0.146308,-0.089464,0.146526
alstm,17,20d,all,871,0.116425,0.089929,0.072031,0.029278,0.006242,-0.015559,0.044394
alstm,17,20d,2017,244,0.126120,0.098033,0.123853,0.074681,0.016228,-0.029171,0.002266
alstm,17,20d,2018,243,0.023553,0.003510,0.033469,0.002792,0.022549,-0.009222,-0.009916
alstm,17,20d,2019,244,0.194031,0.098563,0.067822,0.034939,0.006972,-0.017691,0.126209
alstm,17,20d,2020,140,0.127689,0.211004,0.055860,-0.013583,-0.040717,0.000824,0.071829
alstm,18,1d,all,871,0.227078,0.302274,0.242872,0.165179,0.083055,-0.073191,-0.015794
alstm,18,1d,2017,244,0.445700,0.439124,0.420533,0.243195,0.045717,-0.095315,0.025167
alstm,18,1d,2018,243,0.101628,0.009911,0.178272,0.097120,0.087666,-0.052195,-0.076644
alstm,18,1d,2019,244,0.286482,0.162665,0.205726,0.115945,0.060929,-0.054211,0.080755
alstm,18,1d,2020,140,-0.038462,0.811549,0.109302,0.232092,0.178216,-0.103751,-0.147764
alstm,18,20d,all,871,0.140310,0.122692,0.097913,0.048973,0.011336,-0.022067,0.042397
alstm,18,20d,2017,244,0.185218,0.194558,0.196067,0.084569,0.020616,-0.038801,-0.010848
alstm,18,20d,2018,243,-0.019567,0.035058,0.018183,-0.012146,0.010903,-0.002124,-0.037750
alstm,18,20d,2019,244,0.192005,0.141410,0.084302,0.060817,0.011986,-0.024474,0.107703
alstm,18,20d,2020,140,0.250923,0.117461,0.088567,0.072714,-0.005201,-0.023394,0.162356
alstm,19,1d,all,871,0.241389,0.341253,0.307919,0.195636,0.117946,-0.092195,-0.066530
alstm,19,1d,2017,244,0.629328,0.715653,0.361330,0.258751,0.132264,-0.132602,0.267997
alstm,19,1d,2018,243,0.127734,0.270626,0.278784,0.229423,0.131075,-0.094354,-0.151051
alstm,19,1d,2019,244,0.290165,0.204298,0.319651,0.114656,0.056137,-0.059104,-0.029486
alstm,19,1d,2020,140,-0.321424,0.047075,0.245207,0.166392,0.176602,-0.074986,-0.566631
alstm,19,20d,all,871,0.170278,0.154877,0.131300,0.076207,0.020661,-0.032668,0.038979
alstm,19,20d,2017,244,0.325671,0.273517,0.184457,0.131433,0.030488,-0.055491,0.141213
alstm,19,20d,2018,243,0.079990,0.147245,0.109365,0.080033,0.040449,-0.034238,-0.029374
alstm,19,20d,2019,244,0.148467,0.104848,0.137742,0.048509,0.007199,-0.022139,0.010725
alstm,19,20d,2020,140,0.093557,0.047118,0.065684,0.020797,-0.007733,-0.008215,0.027873
